delivery_id,cargo_id,cargo_available_datetime,pickup_request_datetime,delivery_datetime,delivery_status,delivery_delay_flag,delivery_responsibility_group
DEL00001,CGO00001,2026-03-24 22:09,2026-03-25 14:43,2026-03-25 16:57,Entregue,Não,Sem atraso
DEL00002,CGO00002,2026-03-25 02:48,2026-03-25 12:50,2026-03-25 15:23,Entregue,Não,Sem atraso
DEL00003,CGO00003,2026-03-25 09:42,2026-03-25 20:27,2026-03-25 20:49,Entregue,Não,Sem atraso
DEL00004,CGO00004,2026-03-25 23:24,2026-03-27 07:44,2026-03-27 09:53,Entregue,Sim,Transportadora / cliente
DEL00005,CGO00005,2026-03-26 00:28,2026-03-27 05:57,2026-03-27 09:29,Entregue,Sim,Transportadora / cliente
DEL00006,CGO00006,2026-03-26 05:09,2026-03-28 02:22,2026-03-28 03:26,Entregue,Sim,Transportadora / cliente
DEL00007,CGO00007,2026-01-16 19:24,2026-01-17 19:03,2026-01-17 20:23,Entregue,Sim,Transportadora / cliente
DEL00008,CGO00008,2026-01-18 00:15,2026-01-18 06:47,2026-01-18 08:22,Entregue,Não,Sem atraso
DEL00009,CGO00009,2026-01-17 22:00,2026-01-17 23:16,2026-01-18 01:32,Entregue,Não,Sem atraso
DEL00010,CGO00010,2026-01-20 07:43,2026-01-21 05:05,2026-01-21 08:29,Entregue,Sim,Transportadora / cliente
DEL00011,CGO00011,2026-01-17 11:23,2026-01-19 03:23,2026-01-19 05:44,Entregue,Sim,Transportadora / cliente
DEL00012,CGO00012,2026-01-17 03:30,2026-01-18 09:33,2026-01-18 13:26,Entregue,Sim,Transportadora / cliente
DEL00013,CGO00013,2026-01-20 01:51,2026-01-21 03:51,2026-01-21 06:03,Entregue,Sim,Transportadora / cliente
DEL00014,CGO00014,2026-01-17 14:11,2026-01-17 23:13,2026-01-18 00:54,Entregue,Não,Sem atraso
DEL00015,CGO00015,2026-01-17 13:20,2026-01-18 08:33,2026-01-18 11:09,Entregue,Não,Sem atraso
DEL00016,CGO00016,2026-01-17 10:18,2026-01-18 09:51,2026-01-18 12:51,Entregue,Sim,Transportadora / cliente
DEL00017,CGO00017,2026-01-18 09:27,2026-01-18 15:36,2026-01-18 17:53,Entregue,Não,Sem atraso
DEL00018,CGO00018,2026-03-08 23:18,2026-03-09 02:11,2026-03-09 02:49,Entregue,Não,Sem atraso
DEL00019,CGO00019,2026-03-08 04:28,2026-03-09 09:23,2026-03-09 11:13,Entregue,Sim,Transportadora / cliente
DEL00020,CGO00020,2026-03-08 11:16,2026-03-09 16:10,2026-03-09 19:38,Entregue,Sim,Transportadora / cliente
DEL00021,CGO00021,2026-03-08 08:47,2026-03-10 06:11,2026-03-10 09:42,Entregue,Sim,Transportadora / cliente
DEL00022,CGO00022,2026-03-10 20:22,2026-03-11 03:43,2026-03-11 05:39,Entregue,Não,Sem atraso
DEL00023,CGO00023,2026-03-31 23:10,2026-04-01 17:50,2026-04-01 18:59,Entregue,Não,Sem atraso
DEL00024,CGO00024,2026-03-31 14:42,2026-04-01 12:14,2026-04-01 16:07,Entregue,Sim,Transportadora / cliente
DEL00025,CGO00025,2026-04-02 11:15,2026-04-03 00:37,2026-04-03 01:02,Entregue,Não,Sem atraso
DEL00026,CGO00026,2026-04-02 00:28,2026-04-02 04:22,2026-04-02 07:58,Entregue,Não,Sem atraso
DEL00027,CGO00027,2026-03-31 00:18,2026-04-01 10:08,2026-04-01 11:14,Entregue,Sim,Transportadora / cliente
DEL00028,CGO00028,2026-03-31 06:25,2026-04-01 18:07,2026-04-01 20:13,Entregue,Sim,Transportadora / cliente
DEL00029,CGO00029,2026-04-01 07:45,2026-04-01 16:20,2026-04-01 18:11,Entregue,Não,Sem atraso
DEL00030,CGO00030,2026-04-02 09:00,2026-04-03 14:13,2026-04-03 14:40,Entregue,Sim,Transportadora / cliente
DEL00031,CGO00031,2026-04-01 22:27,2026-04-03 18:50,2026-04-03 22:26,Entregue,Sim,Transportadora / cliente
DEL00032,CGO00032,2026-04-02 16:49,2026-04-03 04:22,2026-04-03 05:44,Entregue,Não,Sem atraso
DEL00033,CGO00033,2026-03-31 04:58,2026-04-01 11:01,2026-04-01 12:36,Entregue,Sim,Transportadora / cliente
DEL00034,CGO00034,2026-04-02 00:57,2026-04-03 08:09,2026-04-03 10:50,Entregue,Sim,Transportadora / cliente
DEL00035,CGO00035,2026-04-01 00:18,2026-04-02 12:54,2026-04-02 13:24,Entregue,Sim,Transportadora / cliente
DEL00036,CGO00036,2026-04-01 05:27,2026-04-01 13:24,2026-04-01 17:13,Entregue,Não,Sem atraso
DEL00037,CGO00037,2026-03-28 13:00,2026-03-30 02:39,2026-03-30 04:34,Entregue,Sim,Transportadora / cliente
DEL00038,CGO00038,2026-03-31 01:02,2026-03-31 21:21,2026-03-31 23:48,Entregue,Não,Sem atraso
DEL00039,CGO00039,2026-03-28 22:19,2026-03-29 11:16,2026-03-29 13:53,Entregue,Não,Sem atraso
DEL00040,CGO00040,2026-03-29 03:45,2026-03-29 22:42,2026-03-30 01:27,Entregue,Não,Sem atraso
DEL00041,CGO00041,2026-03-28 09:49,2026-03-29 09:08,2026-03-29 13:00,Entregue,Sim,Transportadora / cliente
DEL00042,CGO00042,2026-03-29 09:58,2026-03-29 23:51,2026-03-30 01:53,Entregue,Não,Sem atraso
DEL00043,CGO00043,2026-03-28 11:45,2026-03-28 22:35,2026-03-29 01:43,Entregue,Não,Sem atraso
DEL00044,CGO00044,2026-03-29 18:59,2026-03-30 10:00,2026-03-30 10:36,Entregue,Não,Sem atraso
DEL00045,CGO00045,2026-03-31 13:11,2026-04-01 12:45,2026-04-01 15:15,Entregue,Sim,Transportadora / cliente
DEL00046,CGO00046,2026-03-29 21:22,2026-03-31 09:59,2026-03-31 12:49,Entregue,Sim,Transportadora / cliente
DEL00047,CGO00047,2026-03-28 17:15,2026-03-30 00:42,2026-03-30 03:13,Entregue,Sim,Transportadora / cliente
DEL00048,CGO00048,2026-03-30 13:37,2026-04-01 01:09,2026-04-01 04:39,Entregue,Sim,Transportadora / cliente
DEL00049,CGO00049,2026-03-26 04:11,2026-03-26 13:52,2026-03-26 15:53,Entregue,Não,Sem atraso
DEL00050,CGO00050,2026-03-26 13:11,2026-03-28 08:23,2026-03-28 11:03,Entregue,Sim,Transportadora / cliente
DEL00051,CGO00051,2026-03-28 10:06,2026-03-28 18:43,2026-03-28 22:22,Entregue,Não,Sem atraso
DEL00052,CGO00052,2026-03-25 03:06,2026-03-26 00:07,2026-03-26 03:57,Entregue,Sim,Transportadora / cliente
DEL00053,CGO00053,2026-03-26 20:23,2026-03-28 14:47,2026-03-28 17:15,Entregue,Sim,Transportadora / cliente
DEL00054,CGO00054,2026-03-26 03:37,2026-03-27 18:48,2026-03-27 20:52,Entregue,Sim,Transportadora / cliente
DEL00055,CGO00055,2026-03-25 01:33,2026-03-26 23:48,2026-03-27 03:35,Entregue,Sim,Transportadora / cliente
DEL00056,CGO00056,2026-03-25 06:14,2026-03-26 03:21,2026-03-26 04:59,Entregue,Não,Sem atraso
DEL00057,CGO00057,2026-03-25 12:46,2026-03-25 22:49,2026-03-26 00:06,Entregue,Não,Sem atraso
DEL00058,CGO00058,2026-03-28 10:48,2026-03-29 09:12,2026-03-29 12:05,Entregue,Sim,Transportadora / cliente
DEL00059,CGO00059,2026-03-28 08:03,2026-03-28 09:29,2026-03-28 11:52,Entregue,Não,Sem atraso
DEL00060,CGO00060,2026-03-27 13:35,2026-03-27 22:01,2026-03-28 01:03,Entregue,Não,Sem atraso
DEL00061,CGO00061,2026-03-11 17:18,2026-03-12 16:00,2026-03-12 18:13,Entregue,Sim,Transportadora / cliente
DEL00062,CGO00062,2026-03-10 23:29,2026-03-12 22:03,2026-03-13 00:10,Entregue,Sim,Transportadora / cliente
DEL00063,CGO00063,2026-03-11 06:43,2026-03-12 14:36,2026-03-12 15:41,Entregue,Sim,Transportadora / cliente
DEL00064,CGO00064,2026-03-13 04:01,2026-03-13 23:29,2026-03-14 01:27,Entregue,Não,Sem atraso
DEL00065,CGO00065,2026-03-11 10:01,2026-03-12 01:53,2026-03-12 03:05,Entregue,Não,Sem atraso
DEL00066,CGO00066,2026-03-11 17:51,2026-03-12 09:50,2026-03-12 12:44,Entregue,Não,Sem atraso
DEL00067,CGO00067,2026-02-23 07:23,2026-02-23 22:01,2026-02-23 22:55,Entregue,Não,Sem atraso
DEL00068,CGO00068,2026-02-24 17:07,2026-02-26 16:34,2026-02-26 18:11,Entregue,Sim,Transportadora / cliente
DEL00069,CGO00069,2026-02-23 02:35,2026-02-24 07:22,2026-02-24 09:00,Entregue,Sim,Transportadora / cliente
DEL00070,CGO00070,2026-02-23 04:55,2026-02-24 08:32,2026-02-24 10:35,Entregue,Sim,Transportadora / cliente
DEL00071,CGO00071,2026-02-22 15:23,2026-02-24 08:06,2026-02-24 08:54,Entregue,Sim,Transportadora / cliente
DEL00072,CGO00072,2026-02-23 14:14,2026-02-24 07:02,2026-02-24 09:04,Entregue,Não,Sem atraso
DEL00073,CGO00073,2026-02-23 02:49,2026-02-24 16:11,2026-02-24 18:47,Entregue,Sim,Transportadora / cliente
DEL00074,CGO00074,2026-02-24 02:38,2026-02-24 21:53,2026-02-24 22:15,Entregue,Não,Sem atraso
DEL00075,CGO00075,2026-02-23 01:53,2026-02-23 21:23,2026-02-24 00:04,Entregue,Não,Sem atraso
DEL00076,CGO00076,2026-02-24 06:20,2026-02-24 11:47,2026-02-24 13:03,Entregue,Não,Sem atraso
DEL00077,CGO00077,2026-01-13 14:55,2026-01-14 07:05,2026-01-14 08:43,Entregue,Não,Sem atraso
DEL00078,CGO00078,2026-01-13 17:29,2026-01-14 06:25,2026-01-14 10:23,Entregue,Não,Sem atraso
DEL00079,CGO00079,2026-01-16 14:17,2026-01-18 04:13,2026-01-18 04:36,Entregue,Sim,Transportadora / cliente
DEL00080,CGO00080,2026-01-14 09:36,2026-01-15 18:20,2026-01-15 19:06,Entregue,Sim,Transportadora / cliente
DEL00081,CGO00081,2026-01-15 15:45,2026-01-16 18:45,2026-01-16 22:21,Entregue,Sim,Transportadora / cliente
DEL00082,CGO00082,2026-01-14 19:04,2026-01-15 16:05,2026-01-15 18:50,Entregue,Não,Sem atraso
DEL00083,CGO00083,2026-03-06 11:02,2026-03-06 17:09,2026-03-06 19:29,Entregue,Não,Sem atraso
DEL00084,CGO00084,2026-03-05 03:11,2026-03-06 00:00,2026-03-06 03:16,Entregue,Sim,Transportadora / cliente
DEL00085,CGO00085,2026-03-06 10:21,2026-03-06 17:05,2026-03-06 19:57,Entregue,Não,Sem atraso
DEL00086,CGO00086,2026-03-08 00:02,2026-03-09 15:25,2026-03-09 17:20,Entregue,Sim,Transportadora / cliente
DEL00087,CGO00087,2026-03-05 15:09,2026-03-05 21:11,2026-03-05 22:59,Entregue,Não,Sem atraso
DEL00088,CGO00088,2026-03-08 02:06,2026-03-09 23:12,2026-03-10 00:18,Entregue,Sim,Transportadora / cliente
DEL00089,CGO00089,2026-03-10 21:56,2026-03-12 12:07,2026-03-12 13:33,Entregue,Sim,Transportadora / cliente
DEL00090,CGO00090,2026-03-10 00:37,2026-03-11 05:29,2026-03-11 08:22,Entregue,Sim,Transportadora / cliente
DEL00091,CGO00091,2026-03-09 21:50,2026-03-10 09:01,2026-03-10 09:22,Entregue,Não,Sem atraso
DEL00092,CGO00092,2026-03-08 20:33,2026-03-09 07:24,2026-03-09 08:26,Entregue,Não,Sem atraso
DEL00093,CGO00093,2026-03-10 22:30,2026-03-11 07:47,2026-03-11 08:30,Entregue,Não,Sem atraso
DEL00094,CGO00094,2026-03-11 11:14,2026-03-13 09:48,2026-03-13 12:14,Entregue,Sim,Transportadora / cliente
DEL00095,CGO00095,2026-03-09 10:50,2026-03-10 13:43,2026-03-10 17:05,Entregue,Sim,Transportadora / cliente
DEL00096,CGO00096,2026-03-08 21:39,2026-03-09 06:14,2026-03-09 10:09,Entregue,Não,Sem atraso
DEL00097,CGO00097,2026-03-09 03:01,2026-03-09 19:04,2026-03-09 20:58,Entregue,Não,Sem atraso
DEL00098,CGO00098,2026-03-08 18:02,2026-03-10 10:59,2026-03-10 11:31,Entregue,Sim,Transportadora / cliente
DEL00099,CGO00099,2026-03-09 00:37,2026-03-09 23:31,2026-03-10 03:06,Entregue,Sim,Transportadora / cliente
DEL00100,CGO00100,2026-03-09 19:09,2026-03-11 06:24,2026-03-11 10:22,Entregue,Sim,Transportadora / cliente
DEL00101,CGO00101,2026-03-10 15:02,2026-03-11 13:21,2026-03-11 14:47,Entregue,Não,Sem atraso
DEL00102,CGO00102,2026-03-08 23:09,2026-03-09 23:54,2026-03-10 00:21,Entregue,Sim,Transportadora / cliente
DEL00103,CGO00103,2026-02-17 22:31,2026-02-18 10:24,2026-02-18 13:28,Entregue,Não,Sem atraso
DEL00104,CGO00104,2026-02-14 23:39,2026-02-15 22:41,2026-02-16 01:17,Entregue,Sim,Transportadora / cliente
DEL00105,CGO00105,2026-02-16 09:31,2026-02-16 19:21,2026-02-16 20:54,Entregue,Não,Sem atraso
DEL00106,CGO00106,2026-02-15 20:32,2026-02-16 11:33,2026-02-16 13:16,Entregue,Não,Sem atraso
DEL00107,CGO00107,2026-02-15 05:22,2026-02-16 20:08,2026-02-16 22:39,Entregue,Sim,Transportadora / cliente
DEL00108,CGO00108,2026-02-15 23:52,2026-02-16 23:05,2026-02-17 00:39,Entregue,Sim,Transportadora / cliente
DEL00109,CGO00109,2026-02-14 20:51,2026-02-15 15:20,2026-02-15 16:21,Entregue,Não,Sem atraso
DEL00110,CGO00110,2026-03-13 18:15,2026-03-14 04:43,2026-03-14 06:44,Entregue,Não,Sem atraso
DEL00111,CGO00111,2026-03-12 19:50,2026-03-13 16:45,2026-03-13 18:32,Entregue,Não,Sem atraso
DEL00112,CGO00112,2026-03-13 21:58,2026-03-15 02:46,2026-03-15 04:33,Entregue,Sim,Transportadora / cliente
DEL00113,CGO00113,2026-03-13 05:12,2026-03-14 15:22,2026-03-14 16:23,Entregue,Sim,Transportadora / cliente
DEL00114,CGO00114,2026-03-13 06:35,2026-03-15 02:03,2026-03-15 03:06,Entregue,Sim,Transportadora / cliente
DEL00115,CGO00115,2026-03-14 12:56,2026-03-15 21:16,2026-03-16 00:41,Entregue,Sim,Transportadora / cliente
DEL00116,CGO00116,2026-03-12 15:55,2026-03-14 07:33,2026-03-14 09:58,Entregue,Sim,Transportadora / cliente
DEL00117,CGO00117,2026-03-12 22:27,2026-03-14 10:11,2026-03-14 14:06,Entregue,Sim,Transportadora / cliente
DEL00118,CGO00118,2026-03-12 12:39,2026-03-13 23:52,2026-03-14 02:47,Entregue,Sim,Transportadora / cliente
DEL00119,CGO00119,2026-03-14 07:41,2026-03-15 13:05,2026-03-15 17:05,Entregue,Sim,Transportadora / cliente
DEL00120,CGO00120,2026-03-12 10:54,2026-03-13 12:31,2026-03-13 13:58,Entregue,Sim,Transportadora / cliente
DEL00121,CGO00121,2026-03-12 10:54,2026-03-14 04:54,2026-03-14 07:27,Entregue,Sim,Transportadora / cliente
DEL00122,CGO00122,2026-03-13 06:49,2026-03-13 17:18,2026-03-13 19:46,Entregue,Não,Sem atraso
DEL00123,CGO00123,2026-03-12 20:09,2026-03-13 08:19,2026-03-13 10:44,Entregue,Não,Sem atraso
DEL00124,CGO00124,2026-03-15 14:08,2026-03-16 19:57,2026-03-16 23:52,Entregue,Sim,Transportadora / cliente
DEL00125,CGO00125,2026-03-14 03:43,2026-03-14 19:12,2026-03-14 21:55,Entregue,Não,Sem atraso
DEL00126,CGO00126,2026-03-12 01:08,2026-03-12 05:52,2026-03-12 09:44,Entregue,Não,Sem atraso
DEL00127,CGO00127,2026-03-12 02:28,2026-03-12 03:31,2026-03-12 07:25,Entregue,Não,Sem atraso
DEL00128,CGO00128,2026-03-13 16:43,2026-03-14 04:40,2026-03-14 07:29,Entregue,Não,Sem atraso
DEL00129,CGO00129,2026-03-16 05:51,2026-03-16 12:44,2026-03-16 14:24,Entregue,Não,Sem atraso
DEL00130,CGO00130,2026-01-20 04:46,2026-01-21 06:40,2026-01-21 07:25,Entregue,Sim,Transportadora / cliente
DEL00131,CGO00131,2026-01-22 11:59,2026-01-23 10:23,2026-01-23 12:25,Entregue,Sim,Transportadora / cliente
DEL00132,CGO00132,2026-01-20 20:52,2026-01-21 07:08,2026-01-21 10:41,Entregue,Não,Sem atraso
DEL00133,CGO00133,2026-01-19 23:15,2026-01-21 09:58,2026-01-21 12:00,Entregue,Sim,Transportadora / cliente
DEL00134,CGO00134,2026-01-20 05:23,2026-01-20 06:13,2026-01-20 07:58,Entregue,Não,Sem atraso
DEL00135,CGO00135,2026-01-21 06:30,2026-01-21 11:17,2026-01-21 14:19,Entregue,Não,Sem atraso
DEL00136,CGO00136,2026-01-21 20:19,2026-01-22 14:40,2026-01-22 17:29,Entregue,Não,Sem atraso
DEL00137,CGO00137,2026-01-21 09:39,2026-01-22 04:49,2026-01-22 08:02,Entregue,Não,Sem atraso
DEL00138,CGO00138,2026-01-21 03:41,2026-01-22 01:53,2026-01-22 05:51,Entregue,Sim,Transportadora / cliente
DEL00139,CGO00139,2026-01-21 07:10,2026-01-21 07:53,2026-01-21 09:16,Entregue,Não,Sem atraso
DEL00140,CGO00140,2026-02-11 02:44,2026-02-11 22:49,2026-02-11 23:17,Entregue,Não,Sem atraso
DEL00141,CGO00141,2026-02-09 03:00,2026-02-10 09:38,2026-02-10 10:50,Entregue,Sim,Transportadora / cliente
DEL00142,CGO00142,2026-02-09 11:40,2026-02-11 10:29,2026-02-11 11:20,Entregue,Sim,Transportadora / cliente
DEL00143,CGO00143,2026-02-10 05:03,2026-02-11 04:40,2026-02-11 05:53,Entregue,Sim,Transportadora / cliente
DEL00144,CGO00144,2026-02-10 20:04,2026-02-11 18:06,2026-02-11 20:41,Entregue,Sim,Transportadora / cliente
DEL00145,CGO00145,2026-02-13 00:57,2026-02-14 15:19,2026-02-14 17:26,Entregue,Sim,Transportadora / cliente
DEL00146,CGO00146,2026-02-10 05:23,2026-02-11 10:42,2026-02-11 13:59,Entregue,Sim,Transportadora / cliente
DEL00147,CGO00147,2026-02-09 02:42,2026-02-10 19:57,2026-02-10 22:54,Entregue,Sim,Transportadora / cliente
DEL00148,CGO00148,2026-02-10 08:19,2026-02-10 14:07,2026-02-10 17:27,Entregue,Não,Sem atraso
DEL00149,CGO00149,2026-01-23 12:21,2026-01-24 12:10,2026-01-24 14:26,Entregue,Sim,Transportadora / cliente
DEL00150,CGO00150,2026-01-23 07:58,2026-01-25 06:03,2026-01-25 06:53,Entregue,Sim,Transportadora / cliente
DEL00151,CGO00151,2026-01-23 15:22,2026-01-25 02:06,2026-01-25 05:58,Entregue,Sim,Transportadora / cliente
DEL00152,CGO00152,2026-01-25 13:17,2026-01-26 13:13,2026-01-26 15:53,Entregue,Sim,Transportadora / cliente
DEL00153,CGO00153,2026-01-22 22:28,2026-01-23 10:05,2026-01-23 12:08,Entregue,Não,Sem atraso
DEL00154,CGO00154,2026-01-22 09:19,2026-01-23 19:53,2026-01-23 22:47,Entregue,Sim,Transportadora / cliente
DEL00155,CGO00155,2026-01-23 18:24,2026-01-25 10:07,2026-01-25 12:14,Entregue,Sim,Transportadora / cliente
DEL00156,CGO00156,2026-02-07 05:57,2026-02-09 04:31,2026-02-09 05:58,Entregue,Sim,Transportadora / cliente
DEL00157,CGO00157,2026-02-07 23:41,2026-02-09 05:12,2026-02-09 08:37,Entregue,Sim,Transportadora / cliente
DEL00158,CGO00158,2026-02-06 22:37,2026-02-07 02:15,2026-02-07 02:49,Entregue,Não,Sem atraso
DEL00159,CGO00159,2026-02-07 14:15,2026-02-08 17:35,2026-02-08 18:35,Entregue,Sim,Transportadora / cliente
DEL00160,CGO00160,2026-02-07 01:54,2026-02-07 05:13,2026-02-07 07:36,Entregue,Não,Sem atraso
DEL00161,CGO00161,2026-02-08 03:03,2026-02-09 15:12,2026-02-09 17:51,Entregue,Sim,Transportadora / cliente
DEL00162,CGO00162,2026-03-20 18:05,2026-03-22 11:42,2026-03-22 14:29,Entregue,Sim,Transportadora / cliente
DEL00163,CGO00163,2026-03-20 18:33,2026-03-21 09:13,2026-03-21 10:09,Entregue,Não,Sem atraso
DEL00164,CGO00164,2026-03-20 20:02,2026-03-20 22:59,2026-03-21 00:08,Entregue,Não,Sem atraso
DEL00165,CGO00165,2026-03-20 07:17,2026-03-21 06:20,2026-03-21 07:18,Entregue,Sim,Transportadora / cliente
DEL00166,CGO00166,2026-03-23 12:28,2026-03-24 17:12,2026-03-24 20:51,Entregue,Sim,Transportadora / cliente
DEL00167,CGO00167,2026-03-21 12:44,2026-03-23 10:45,2026-03-23 13:34,Entregue,Sim,Transportadora / cliente
DEL00168,CGO00168,2026-03-20 20:29,2026-03-21 01:31,2026-03-21 02:53,Entregue,Não,Sem atraso
DEL00169,CGO00169,2026-03-20 04:35,2026-03-21 10:18,2026-03-21 11:00,Entregue,Sim,Transportadora / cliente
DEL00170,CGO00170,2026-03-21 18:45,2026-03-23 09:52,2026-03-23 12:36,Entregue,Sim,Transportadora / cliente
DEL00171,CGO00171,2026-04-02 17:15,2026-04-03 00:31,2026-04-03 01:21,Entregue,Não,Sem atraso
DEL00172,CGO00172,2026-04-01 21:58,2026-04-02 11:44,2026-04-02 13:48,Entregue,Não,Sem atraso
DEL00173,CGO00173,2026-04-03 03:28,2026-04-04 01:34,2026-04-04 03:12,Entregue,Não,Sem atraso
DEL00174,CGO00174,2026-04-04 22:57,2026-04-06 19:39,2026-04-06 20:32,Entregue,Sim,Transportadora / cliente
DEL00175,CGO00175,2026-04-03 04:45,2026-04-03 18:04,2026-04-03 18:45,Entregue,Não,Sem atraso
DEL00176,CGO00176,2026-04-02 19:15,2026-04-03 08:39,2026-04-03 12:08,Entregue,Não,Sem atraso
DEL00177,CGO00177,2026-04-02 03:09,2026-04-02 04:43,2026-04-02 07:55,Entregue,Não,Sem atraso
DEL00178,CGO00178,2026-01-11 04:59,2026-01-12 12:25,2026-01-12 15:19,Entregue,Sim,Transportadora / cliente
DEL00179,CGO00179,2026-01-09 03:29,2026-01-09 16:49,2026-01-09 18:37,Entregue,Não,Sem atraso
DEL00180,CGO00180,2026-01-10 13:53,2026-01-11 17:42,2026-01-11 18:30,Entregue,Sim,Transportadora / cliente
DEL00181,CGO00181,2026-01-09 23:04,2026-01-11 13:49,2026-01-11 16:27,Entregue,Sim,Transportadora / cliente
DEL00182,CGO00182,2026-01-09 04:32,2026-01-10 06:29,2026-01-10 08:34,Entregue,Sim,Transportadora / cliente
DEL00183,CGO00183,2026-01-10 07:08,2026-01-11 15:40,2026-01-11 16:32,Entregue,Sim,Transportadora / cliente
DEL00184,CGO00184,2026-01-10 06:36,2026-01-10 19:24,2026-01-10 21:54,Entregue,Não,Sem atraso
DEL00185,CGO00185,2026-01-10 02:34,2026-01-10 08:16,2026-01-10 08:44,Entregue,Não,Sem atraso
DEL00186,CGO00186,2026-02-08 13:22,2026-02-09 17:00,2026-02-09 20:25,Entregue,Sim,Transportadora / cliente
DEL00187,CGO00187,2026-02-08 09:11,2026-02-09 04:21,2026-02-09 07:47,Entregue,Não,Sem atraso
DEL00188,CGO00188,2026-02-08 16:44,2026-02-09 17:27,2026-02-09 18:56,Entregue,Sim,Transportadora / cliente
DEL00189,CGO00189,2026-02-10 22:10,2026-02-11 13:48,2026-02-11 15:58,Entregue,Não,Sem atraso
DEL00190,CGO00190,2026-02-08 04:31,2026-02-09 04:22,2026-02-09 07:52,Entregue,Sim,Transportadora / cliente
DEL00191,CGO00191,2026-02-07 22:37,2026-02-08 00:05,2026-02-08 02:45,Entregue,Não,Sem atraso
DEL00192,CGO00192,2026-02-07 16:56,2026-02-08 14:58,2026-02-08 17:49,Entregue,Sim,Transportadora / cliente
DEL00193,CGO00193,2026-02-08 22:42,2026-02-09 04:57,2026-02-09 05:47,Entregue,Não,Sem atraso
DEL00194,CGO00194,2026-02-09 21:03,2026-02-11 08:46,2026-02-11 09:44,Entregue,Sim,Transportadora / cliente
DEL00195,CGO00195,2026-02-07 14:58,2026-02-08 16:44,2026-02-08 20:21,Entregue,Sim,Transportadora / cliente
DEL00196,CGO00196,2026-02-06 01:24,2026-02-06 16:09,2026-02-06 20:04,Entregue,Não,Sem atraso
DEL00197,CGO00197,2026-02-05 22:39,2026-02-06 17:36,2026-02-06 18:06,Entregue,Não,Sem atraso
DEL00198,CGO00198,2026-02-07 08:00,2026-02-07 18:54,2026-02-07 21:05,Entregue,Não,Sem atraso
DEL00199,CGO00199,2026-02-07 01:54,2026-02-08 22:33,2026-02-09 01:06,Entregue,Sim,Transportadora / cliente
DEL00200,CGO00200,2026-02-05 23:07,2026-02-07 08:35,2026-02-07 10:19,Entregue,Sim,Transportadora / cliente
DEL00201,CGO00201,2026-02-07 06:14,2026-02-07 15:42,2026-02-07 17:08,Entregue,Não,Sem atraso
DEL00202,CGO00202,2026-02-06 00:31,2026-02-06 12:22,2026-02-06 14:27,Entregue,Não,Sem atraso
DEL00203,CGO00203,2026-02-09 03:16,2026-02-10 22:04,2026-02-10 23:33,Entregue,Sim,Transportadora / cliente
DEL00204,CGO00204,2026-01-02 05:40,2026-01-04 00:01,2026-01-04 03:25,Entregue,Sim,Transportadora / cliente
DEL00205,CGO00205,2026-01-05 07:17,2026-01-06 14:47,2026-01-06 17:18,Entregue,Sim,Transportadora / cliente
DEL00206,CGO00206,2026-01-03 01:10,2026-01-03 18:08,2026-01-03 18:45,Entregue,Não,Sem atraso
DEL00207,CGO00207,2026-01-02 14:03,2026-01-03 20:48,2026-01-03 21:57,Entregue,Sim,Transportadora / cliente
DEL00208,CGO00208,2026-01-03 18:59,2026-01-04 03:04,2026-01-04 03:48,Entregue,Não,Sem atraso
DEL00209,CGO00209,2026-01-01 21:29,2026-01-02 03:04,2026-01-02 03:53,Entregue,Não,Sem atraso
DEL00210,CGO00210,2026-01-02 19:37,2026-01-03 12:32,2026-01-03 12:56,Entregue,Não,Sem atraso
DEL00211,CGO00211,2026-01-02 10:58,2026-01-03 09:32,2026-01-03 10:36,Entregue,Não,Sem atraso
DEL00212,CGO00212,2026-01-04 08:16,2026-01-04 15:34,2026-01-04 16:16,Entregue,Não,Sem atraso
DEL00213,CGO00213,2026-01-04 20:42,2026-01-05 17:29,2026-01-05 19:18,Entregue,Não,Sem atraso
DEL00214,CGO00214,2026-01-05 11:42,2026-01-06 08:36,2026-01-06 12:08,Entregue,Sim,Transportadora / cliente
DEL00215,CGO00215,2026-01-02 23:04,2026-01-03 14:23,2026-01-03 17:48,Entregue,Não,Sem atraso
DEL00216,CGO00216,2026-01-02 20:48,2026-01-03 17:12,2026-01-03 18:28,Entregue,Não,Sem atraso
DEL00217,CGO00217,2026-03-11 05:31,2026-03-11 23:24,2026-03-12 02:48,Entregue,Não,Sem atraso
DEL00218,CGO00218,2026-03-10 10:12,2026-03-10 23:01,2026-03-11 00:50,Entregue,Não,Sem atraso
DEL00219,CGO00219,2026-03-10 01:49,2026-03-10 10:04,2026-03-10 11:45,Entregue,Não,Sem atraso
DEL00220,CGO00220,2026-03-10 01:10,2026-03-10 23:11,2026-03-10 23:31,Entregue,Não,Sem atraso
DEL00221,CGO00221,2026-03-09 23:19,2026-03-11 13:01,2026-03-11 14:00,Entregue,Sim,Transportadora / cliente
DEL00222,CGO00222,2026-03-12 02:36,2026-03-13 19:35,2026-03-13 21:48,Entregue,Sim,Transportadora / cliente
DEL00223,CGO00223,2026-03-09 18:43,2026-03-11 02:40,2026-03-11 05:28,Entregue,Sim,Transportadora / cliente
DEL00224,CGO00224,2026-03-09 09:01,2026-03-10 23:48,2026-03-11 01:25,Entregue,Sim,Transportadora / cliente
DEL00225,CGO00225,2026-03-11 05:42,2026-03-12 20:45,2026-03-12 22:23,Entregue,Sim,Transportadora / cliente
DEL00226,CGO00226,2026-03-10 16:12,2026-03-10 23:56,2026-03-11 00:44,Entregue,Não,Sem atraso
DEL00227,CGO00227,2026-03-10 07:52,2026-03-11 19:26,2026-03-11 21:17,Entregue,Sim,Transportadora / cliente
DEL00228,CGO00228,2026-02-10 01:16,2026-02-11 15:49,2026-02-11 18:53,Entregue,Sim,Transportadora / cliente
DEL00229,CGO00229,2026-02-07 20:14,2026-02-08 22:42,2026-02-08 23:22,Entregue,Sim,Transportadora / cliente
DEL00230,CGO00230,2026-02-06 19:32,2026-02-07 10:36,2026-02-07 12:22,Entregue,Não,Sem atraso
DEL00231,CGO00231,2026-02-07 14:11,2026-02-07 23:10,2026-02-07 23:46,Entregue,Não,Sem atraso
DEL00232,CGO00232,2026-02-10 15:05,2026-02-12 04:22,2026-02-12 06:10,Entregue,Sim,Transportadora / cliente
DEL00233,CGO00233,2026-03-14 09:29,2026-03-16 00:42,2026-03-16 02:36,Entregue,Sim,Transportadora / cliente
DEL00234,CGO00234,2026-03-13 08:32,2026-03-13 20:46,2026-03-13 21:13,Entregue,Não,Sem atraso
DEL00235,CGO00235,2026-03-13 10:24,2026-03-14 07:02,2026-03-14 10:52,Entregue,Sim,Transportadora / cliente
DEL00236,CGO00236,2026-03-12 23:26,2026-03-14 17:22,2026-03-14 19:20,Entregue,Sim,Transportadora / cliente
DEL00237,CGO00237,2026-03-15 04:27,2026-03-16 07:06,2026-03-16 09:57,Entregue,Sim,Transportadora / cliente
DEL00238,CGO00238,2026-03-13 10:12,2026-03-13 20:40,2026-03-13 23:01,Entregue,Não,Sem atraso
DEL00239,CGO00239,2026-03-14 00:51,2026-03-15 05:21,2026-03-15 07:40,Entregue,Sim,Transportadora / cliente
DEL00240,CGO00240,2026-03-16 12:42,2026-03-18 01:19,2026-03-18 03:09,Entregue,Sim,Transportadora / cliente
DEL00241,CGO00241,2026-03-13 00:22,2026-03-14 04:30,2026-03-14 06:02,Entregue,Sim,Transportadora / cliente
DEL00242,CGO00242,2026-03-13 09:55,2026-03-14 16:16,2026-03-14 16:55,Entregue,Sim,Transportadora / cliente
DEL00243,CGO00243,2026-03-14 00:48,2026-03-15 21:08,2026-03-15 23:50,Entregue,Sim,Transportadora / cliente
DEL00244,CGO00244,2026-03-14 02:06,2026-03-15 00:49,2026-03-15 04:23,Entregue,Sim,Transportadora / cliente
DEL00245,CGO00245,2026-03-13 03:13,2026-03-13 05:01,2026-03-13 08:17,Entregue,Não,Sem atraso
DEL00246,CGO00246,2026-03-13 15:06,2026-03-15 10:03,2026-03-15 13:16,Entregue,Sim,Transportadora / cliente
DEL00247,CGO00247,2026-03-31 00:15,2026-03-31 06:28,2026-03-31 07:38,Entregue,Não,Sem atraso
DEL00248,CGO00248,2026-03-31 14:33,2026-04-02 04:58,2026-04-02 07:38,Entregue,Sim,Transportadora / cliente
DEL00249,CGO00249,2026-03-31 05:21,2026-04-01 23:02,2026-04-02 01:30,Entregue,Sim,Transportadora / cliente
DEL00250,CGO00250,2026-04-01 07:23,2026-04-01 18:01,2026-04-01 20:02,Entregue,Não,Sem atraso
DEL00251,CGO00251,2026-04-01 05:51,2026-04-02 10:58,2026-04-02 14:33,Entregue,Sim,Transportadora / cliente
DEL00252,CGO00252,2026-04-01 20:35,2026-04-02 18:06,2026-04-02 21:20,Entregue,Sim,Transportadora / cliente
DEL00253,CGO00253,2026-03-31 11:07,2026-04-02 10:17,2026-04-02 12:10,Entregue,Sim,Transportadora / cliente
DEL00254,CGO00254,2026-04-03 03:02,2026-04-03 22:51,2026-04-04 00:27,Entregue,Não,Sem atraso
DEL00255,CGO00255,2026-03-30 09:46,2026-03-30 19:39,2026-03-30 20:10,Entregue,Não,Sem atraso
DEL00256,CGO00256,2026-03-30 12:18,2026-03-30 20:14,2026-03-31 00:11,Entregue,Não,Sem atraso
DEL00257,CGO00257,2026-03-13 07:10,2026-03-14 11:06,2026-03-14 12:39,Entregue,Sim,Transportadora / cliente
DEL00258,CGO00258,2026-03-16 01:03,2026-03-16 21:44,2026-03-17 01:31,Entregue,Sim,Transportadora / cliente
DEL00259,CGO00259,2026-03-13 14:08,2026-03-13 19:25,2026-03-13 20:03,Entregue,Não,Sem atraso
DEL00260,CGO00260,2026-03-14 06:18,2026-03-15 15:58,2026-03-15 18:01,Entregue,Sim,Transportadora / cliente
DEL00261,CGO00261,2026-03-14 03:58,2026-03-14 20:08,2026-03-14 21:47,Entregue,Não,Sem atraso
DEL00262,CGO00262,2026-03-13 15:47,2026-03-14 05:23,2026-03-14 07:50,Entregue,Não,Sem atraso
DEL00263,CGO00263,2026-03-13 09:55,2026-03-14 14:12,2026-03-14 16:20,Entregue,Sim,Transportadora / cliente
DEL00264,CGO00264,2026-01-11 22:33,2026-01-12 14:17,2026-01-12 17:52,Entregue,Não,Sem atraso
DEL00265,CGO00265,2026-01-14 14:15,2026-01-16 05:05,2026-01-16 05:59,Entregue,Sim,Transportadora / cliente
DEL00266,CGO00266,2026-01-12 16:59,2026-01-13 10:41,2026-01-13 11:40,Entregue,Não,Sem atraso
DEL00267,CGO00267,2026-01-13 06:56,2026-01-13 21:29,2026-01-13 23:03,Entregue,Não,Sem atraso
DEL00268,CGO00268,2026-01-13 08:09,2026-01-14 21:22,2026-01-14 23:41,Entregue,Sim,Transportadora / cliente
DEL00269,CGO00269,2026-01-13 11:26,2026-01-14 09:58,2026-01-14 11:50,Entregue,Sim,Transportadora / cliente
DEL00270,CGO00270,2026-01-12 20:46,2026-01-14 09:01,2026-01-14 11:24,Entregue,Sim,Transportadora / cliente
DEL00271,CGO00271,2026-01-13 13:07,2026-01-15 02:30,2026-01-15 04:43,Entregue,Sim,Transportadora / cliente
DEL00272,CGO00272,2026-03-25 14:08,2026-03-26 08:50,2026-03-26 09:51,Entregue,Não,Sem atraso
DEL00273,CGO00273,2026-03-26 02:34,2026-03-26 11:54,2026-03-26 14:26,Entregue,Não,Sem atraso
DEL00274,CGO00274,2026-03-24 11:26,2026-03-24 12:25,2026-03-24 15:32,Entregue,Não,Sem atraso
DEL00275,CGO00275,2026-03-23 19:26,2026-03-25 12:46,2026-03-25 16:06,Entregue,Sim,Transportadora / cliente
DEL00276,CGO00276,2026-03-26 11:37,2026-03-27 05:08,2026-03-27 06:00,Entregue,Não,Sem atraso
DEL00277,CGO00277,2026-03-26 22:38,2026-03-28 08:06,2026-03-28 11:50,Entregue,Sim,Transportadora / cliente
DEL00278,CGO00278,2026-03-24 15:11,2026-03-25 02:47,2026-03-25 03:21,Entregue,Não,Sem atraso
DEL00279,CGO00279,2026-03-24 04:35,2026-03-25 13:43,2026-03-25 17:36,Entregue,Sim,Transportadora / cliente
DEL00280,CGO00280,2026-02-14 14:00,2026-02-15 18:49,2026-02-15 21:04,Entregue,Sim,Transportadora / cliente
DEL00281,CGO00281,2026-02-11 12:50,2026-02-13 00:22,2026-02-13 02:27,Entregue,Sim,Transportadora / cliente
DEL00282,CGO00282,2026-02-12 05:42,2026-02-13 15:57,2026-02-13 17:45,Entregue,Sim,Transportadora / cliente
DEL00283,CGO00283,2026-02-11 13:53,2026-02-12 01:50,2026-02-12 05:30,Entregue,Não,Sem atraso
DEL00284,CGO00284,2026-02-11 18:19,2026-02-13 06:25,2026-02-13 07:18,Entregue,Sim,Transportadora / cliente
DEL00285,CGO00285,2026-02-13 03:08,2026-02-13 08:33,2026-02-13 12:07,Entregue,Não,Sem atraso
DEL00286,CGO00286,2026-02-12 01:02,2026-02-13 06:21,2026-02-13 08:46,Entregue,Sim,Transportadora / cliente
DEL00287,CGO00287,2026-02-13 22:49,2026-02-14 12:03,2026-02-14 14:44,Entregue,Não,Sem atraso
DEL00288,CGO00288,2026-02-15 08:32,2026-02-15 18:53,2026-02-15 22:52,Entregue,Não,Sem atraso
DEL00289,CGO00289,2026-02-12 19:47,2026-02-14 10:01,2026-02-14 10:24,Entregue,Sim,Transportadora / cliente
DEL00290,CGO00290,2026-02-11 21:01,2026-02-12 21:03,2026-02-12 21:42,Entregue,Sim,Transportadora / cliente
DEL00291,CGO00291,2026-02-12 19:09,2026-02-12 20:34,2026-02-12 21:49,Entregue,Não,Sem atraso
DEL00292,CGO00292,2026-02-12 21:08,2026-02-12 23:30,2026-02-13 01:17,Entregue,Não,Sem atraso
DEL00293,CGO00293,2026-02-11 21:43,2026-02-12 17:50,2026-02-12 20:07,Entregue,Não,Sem atraso
DEL00294,CGO00294,2026-02-11 11:00,2026-02-13 04:29,2026-02-13 06:41,Entregue,Sim,Transportadora / cliente
DEL00295,CGO00295,2026-02-12 08:47,2026-02-12 19:51,2026-02-12 22:35,Entregue,Não,Sem atraso
DEL00296,CGO00296,2026-02-12 06:27,2026-02-14 00:47,2026-02-14 03:44,Entregue,Sim,Transportadora / cliente
DEL00297,CGO00297,2026-02-11 02:57,2026-02-12 08:10,2026-02-12 09:02,Entregue,Sim,Transportadora / cliente
DEL00298,CGO00298,2026-02-12 01:57,2026-02-12 06:34,2026-02-12 09:20,Entregue,Não,Sem atraso
DEL00299,CGO00299,2026-03-19 18:19,2026-03-20 15:12,2026-03-20 16:04,Entregue,Não,Sem atraso
DEL00300,CGO00300,2026-03-18 12:28,2026-03-18 21:07,2026-03-19 01:07,Entregue,Não,Sem atraso
DEL00301,CGO00301,2026-03-18 03:23,2026-03-19 15:27,2026-03-19 18:17,Entregue,Sim,Transportadora / cliente
DEL00302,CGO00302,2026-03-20 04:47,2026-03-21 01:11,2026-03-21 03:37,Entregue,Não,Sem atraso
DEL00303,CGO00303,2026-03-18 04:23,2026-03-20 00:42,2026-03-20 03:26,Entregue,Sim,Transportadora / cliente
DEL00304,CGO00304,2026-03-20 06:50,2026-03-21 20:13,2026-03-21 21:49,Entregue,Sim,Transportadora / cliente
DEL00305,CGO00305,2026-03-17 19:25,2026-03-18 23:06,2026-03-18 23:34,Entregue,Sim,Transportadora / cliente
DEL00306,CGO00306,2026-03-18 00:53,2026-03-18 11:10,2026-03-18 11:31,Entregue,Não,Sem atraso
DEL00307,CGO00307,2026-03-18 08:27,2026-03-19 23:12,2026-03-20 01:00,Entregue,Sim,Transportadora / cliente
DEL00308,CGO00308,2026-03-20 20:01,2026-03-22 06:37,2026-03-22 07:05,Entregue,Sim,Transportadora / cliente
DEL00309,CGO00309,2026-03-18 13:43,2026-03-19 03:44,2026-03-19 07:24,Entregue,Não,Sem atraso
DEL00310,CGO00310,2026-03-18 22:22,2026-03-19 12:51,2026-03-19 14:14,Entregue,Não,Sem atraso
DEL00311,CGO00311,2026-03-02 23:10,2026-03-04 11:08,2026-03-04 13:45,Entregue,Sim,Transportadora / cliente
DEL00312,CGO00312,2026-03-04 05:38,2026-03-04 08:52,2026-03-04 12:31,Entregue,Não,Sem atraso
DEL00313,CGO00313,2026-03-03 04:13,2026-03-05 01:54,2026-03-05 02:44,Entregue,Sim,Transportadora / cliente
DEL00314,CGO00314,2026-03-02 01:13,2026-03-02 19:22,2026-03-02 20:22,Entregue,Não,Sem atraso
DEL00315,CGO00315,2026-03-05 10:03,2026-03-05 20:12,2026-03-05 22:26,Entregue,Não,Sem atraso
DEL00316,CGO00316,2026-03-03 14:47,2026-03-04 02:10,2026-03-04 04:33,Entregue,Não,Sem atraso
DEL00317,CGO00317,2026-03-02 02:24,2026-03-03 01:23,2026-03-03 02:21,Entregue,Não,Sem atraso
DEL00318,CGO00318,2026-03-03 05:40,2026-03-05 00:47,2026-03-05 01:43,Entregue,Sim,Transportadora / cliente
DEL00319,CGO00319,2026-03-02 13:04,2026-03-02 13:46,2026-03-02 16:37,Entregue,Não,Sem atraso
DEL00320,CGO00320,2026-03-02 16:16,2026-03-03 05:36,2026-03-03 06:44,Entregue,Não,Sem atraso
DEL00321,CGO00321,2026-02-23 00:03,2026-02-23 17:23,2026-02-23 19:04,Entregue,Não,Sem atraso
DEL00322,CGO00322,2026-02-24 05:11,2026-02-25 13:20,2026-02-25 13:52,Entregue,Sim,Transportadora / cliente
DEL00323,CGO00323,2026-02-23 19:21,2026-02-24 08:14,2026-02-24 11:08,Entregue,Não,Sem atraso
DEL00324,CGO00324,2026-02-23 00:38,2026-02-23 12:22,2026-02-23 16:11,Entregue,Não,Sem atraso
DEL00325,CGO00325,2026-02-22 23:53,2026-02-23 05:34,2026-02-23 06:40,Entregue,Não,Sem atraso
DEL00326,CGO00326,2026-02-23 06:52,2026-02-24 06:46,2026-02-24 08:43,Entregue,Sim,Transportadora / cliente
DEL00327,CGO00327,2026-02-22 18:37,2026-02-23 23:05,2026-02-24 01:47,Entregue,Sim,Transportadora / cliente
DEL00328,CGO00328,2026-02-24 10:42,2026-02-25 18:49,2026-02-25 20:59,Entregue,Sim,Transportadora / cliente
DEL00329,CGO00329,2026-02-12 02:35,2026-02-12 20:08,2026-02-12 22:42,Entregue,Não,Sem atraso
DEL00330,CGO00330,2026-02-12 08:53,2026-02-13 18:36,2026-02-13 21:57,Entregue,Sim,Transportadora / cliente
DEL00331,CGO00331,2026-02-13 18:52,2026-02-14 01:20,2026-02-14 04:09,Entregue,Não,Sem atraso
DEL00332,CGO00332,2026-02-12 22:56,2026-02-14 16:59,2026-02-14 20:27,Entregue,Sim,Transportadora / cliente
DEL00333,CGO00333,2026-02-12 03:19,2026-02-12 12:32,2026-02-12 14:21,Entregue,Não,Sem atraso
DEL00334,CGO00334,2026-02-14 12:08,2026-02-14 20:37,2026-02-14 22:13,Entregue,Não,Sem atraso
DEL00335,CGO00335,2026-02-11 20:14,2026-02-13 03:25,2026-02-13 04:08,Entregue,Sim,Transportadora / cliente
DEL00336,CGO00336,2026-02-11 13:46,2026-02-11 18:24,2026-02-11 21:09,Entregue,Não,Sem atraso
DEL00337,CGO00337,2026-02-12 11:16,2026-02-12 19:51,2026-02-12 23:08,Entregue,Não,Sem atraso
DEL00338,CGO00338,2026-02-12 04:57,2026-02-13 23:48,2026-02-14 03:39,Entregue,Sim,Transportadora / cliente
DEL00339,CGO00339,2026-02-13 21:28,2026-02-15 08:02,2026-02-15 10:59,Entregue,Sim,Transportadora / cliente
DEL00340,CGO00340,2026-02-11 16:59,2026-02-13 05:43,2026-02-13 08:20,Entregue,Sim,Transportadora / cliente
DEL00341,CGO00341,2026-02-11 23:51,2026-02-13 21:27,2026-02-13 22:43,Entregue,Sim,Transportadora / cliente
DEL00342,CGO00342,2026-02-12 08:24,2026-02-13 07:59,2026-02-13 08:28,Entregue,Sim,Transportadora / cliente
DEL00343,CGO00343,2026-03-16 05:37,2026-03-17 04:38,2026-03-17 06:49,Entregue,Sim,Transportadora / cliente
DEL00344,CGO00344,2026-03-14 20:13,2026-03-15 23:55,2026-03-16 01:13,Entregue,Sim,Transportadora / cliente
DEL00345,CGO00345,2026-03-15 07:35,2026-03-15 18:41,2026-03-15 19:29,Entregue,Não,Sem atraso
DEL00346,CGO00346,2026-03-12 21:45,2026-03-14 04:47,2026-03-14 08:29,Entregue,Sim,Transportadora / cliente
DEL00347,CGO00347,2026-03-15 01:03,2026-03-15 06:16,2026-03-15 08:05,Entregue,Não,Sem atraso
DEL00348,CGO00348,2026-03-12 19:50,2026-03-13 04:49,2026-03-13 07:09,Entregue,Não,Sem atraso
DEL00349,CGO00349,2026-03-14 14:56,2026-03-15 11:29,2026-03-15 14:46,Entregue,Não,Sem atraso
DEL00350,CGO00350,2026-03-13 01:06,2026-03-14 16:29,2026-03-14 18:38,Entregue,Sim,Transportadora / cliente
DEL00351,CGO00351,2026-01-09 16:35,2026-01-11 08:47,2026-01-11 11:13,Entregue,Sim,Transportadora / cliente
DEL00352,CGO00352,2026-01-08 02:29,2026-01-09 20:53,2026-01-09 22:26,Entregue,Sim,Transportadora / cliente
DEL00353,CGO00353,2026-01-08 07:19,2026-01-09 07:23,2026-01-09 08:39,Entregue,Sim,Transportadora / cliente
DEL00354,CGO00354,2026-01-08 09:51,2026-01-09 04:48,2026-01-09 06:13,Entregue,Não,Sem atraso
DEL00355,CGO00355,2026-01-07 21:21,2026-01-09 10:33,2026-01-09 12:27,Entregue,Sim,Transportadora / cliente
DEL00356,CGO00356,2026-01-10 05:42,2026-01-10 14:25,2026-01-10 16:57,Entregue,Não,Sem atraso
DEL00357,CGO00357,2026-01-09 21:10,2026-01-10 21:27,2026-01-10 23:13,Entregue,Sim,Transportadora / cliente
DEL00358,CGO00358,2026-01-08 22:31,2026-01-09 17:34,2026-01-09 19:05,Entregue,Não,Sem atraso
DEL00359,CGO00359,2026-01-08 17:33,2026-01-09 21:40,2026-01-09 22:56,Entregue,Sim,Transportadora / cliente
DEL00360,CGO00360,2026-01-09 11:10,2026-01-10 22:41,2026-01-11 00:16,Entregue,Sim,Transportadora / cliente
DEL00361,CGO00361,2026-02-16 13:38,2026-02-17 11:50,2026-02-17 13:51,Entregue,Sim,Transportadora / cliente
DEL00362,CGO00362,2026-02-16 09:37,2026-02-17 02:48,2026-02-17 04:54,Entregue,Não,Sem atraso
DEL00363,CGO00363,2026-02-15 22:38,2026-02-17 10:59,2026-02-17 13:02,Entregue,Sim,Transportadora / cliente
DEL00364,CGO00364,2026-02-17 19:41,2026-02-18 00:19,2026-02-18 02:14,Entregue,Não,Sem atraso
DEL00365,CGO00365,2026-02-16 01:46,2026-02-16 23:46,2026-02-17 03:04,Entregue,Sim,Transportadora / cliente
DEL00366,CGO00366,2026-02-15 06:33,2026-02-15 08:59,2026-02-15 11:15,Entregue,Não,Sem atraso
DEL00367,CGO00367,2026-02-15 19:26,2026-02-16 13:11,2026-02-16 16:43,Entregue,Não,Sem atraso
DEL00368,CGO00368,2026-02-17 09:59,2026-02-18 14:37,2026-02-18 15:59,Entregue,Sim,Transportadora / cliente
DEL00369,CGO00369,2026-02-16 09:48,2026-02-17 23:54,2026-02-18 00:44,Entregue,Sim,Transportadora / cliente
DEL00370,CGO00370,2026-02-18 13:32,2026-02-19 20:33,2026-02-20 00:11,Entregue,Sim,Transportadora / cliente
DEL00371,CGO00371,2026-02-17 21:01,2026-02-18 21:23,2026-02-18 23:07,Entregue,Sim,Transportadora / cliente
DEL00372,CGO00372,2026-02-15 07:32,2026-02-16 11:14,2026-02-16 12:26,Entregue,Sim,Transportadora / cliente
DEL00373,CGO00373,2026-02-08 14:57,2026-02-10 03:21,2026-02-10 05:23,Entregue,Sim,Transportadora / cliente
DEL00374,CGO00374,2026-02-08 19:22,2026-02-08 20:54,2026-02-09 00:05,Entregue,Não,Sem atraso
DEL00375,CGO00375,2026-02-08 07:35,2026-02-10 00:46,2026-02-10 02:54,Entregue,Sim,Transportadora / cliente
DEL00376,CGO00376,2026-02-08 10:13,2026-02-09 07:44,2026-02-09 09:48,Entregue,Não,Sem atraso
DEL00377,CGO00377,2026-02-09 14:10,2026-02-11 09:14,2026-02-11 09:37,Entregue,Sim,Transportadora / cliente
DEL00378,CGO00378,2026-02-10 23:47,2026-02-12 08:15,2026-02-12 11:00,Entregue,Sim,Transportadora / cliente
DEL00379,CGO00379,2026-02-08 07:40,2026-02-09 17:31,2026-02-09 21:07,Entregue,Sim,Transportadora / cliente
DEL00380,CGO00380,2026-02-08 05:50,2026-02-09 07:41,2026-02-09 11:31,Entregue,Sim,Transportadora / cliente
DEL00381,CGO00381,2026-02-10 17:21,2026-02-11 19:18,2026-02-11 22:28,Entregue,Sim,Transportadora / cliente
DEL00382,CGO00382,2026-02-08 13:54,2026-02-09 04:46,2026-02-09 07:49,Entregue,Não,Sem atraso
DEL00383,CGO00383,2026-02-09 20:42,2026-02-09 22:28,2026-02-10 00:25,Entregue,Não,Sem atraso
DEL00384,CGO00384,2026-01-30 19:56,2026-02-01 19:45,2026-02-01 22:20,Entregue,Sim,Transportadora / cliente
DEL00385,CGO00385,2026-01-28 15:40,2026-01-30 05:00,2026-01-30 08:08,Entregue,Sim,Transportadora / cliente
DEL00386,CGO00386,2026-01-29 07:50,2026-01-30 16:33,2026-01-30 20:02,Entregue,Sim,Transportadora / cliente
DEL00387,CGO00387,2026-01-28 11:42,2026-01-30 08:15,2026-01-30 10:13,Entregue,Sim,Transportadora / cliente
DEL00388,CGO00388,2026-01-28 15:41,2026-01-29 08:30,2026-01-29 11:35,Entregue,Não,Sem atraso
DEL00389,CGO00389,2026-01-29 08:44,2026-01-30 03:15,2026-01-30 07:12,Entregue,Não,Sem atraso
DEL00390,CGO00390,2026-01-29 16:00,2026-01-30 23:34,2026-01-31 00:17,Entregue,Sim,Transportadora / cliente
DEL00391,CGO00391,2026-01-29 10:24,2026-01-31 09:20,2026-01-31 11:25,Entregue,Sim,Transportadora / cliente
DEL00392,CGO00392,2026-01-30 04:06,2026-01-31 11:02,2026-01-31 15:01,Entregue,Sim,Transportadora / cliente
DEL00393,CGO00393,2026-01-30 07:49,2026-02-01 01:38,2026-02-01 03:13,Entregue,Sim,Transportadora / cliente
DEL00394,CGO00394,2026-01-28 18:47,2026-01-30 11:41,2026-01-30 13:58,Entregue,Sim,Transportadora / cliente
DEL00395,CGO00395,2026-01-29 03:26,2026-01-29 12:39,2026-01-29 15:44,Entregue,Não,Sem atraso
DEL00396,CGO00396,2026-01-28 09:30,2026-01-30 06:30,2026-01-30 09:45,Entregue,Sim,Transportadora / cliente
DEL00397,CGO00397,2026-02-01 02:16,2026-02-02 16:45,2026-02-02 18:48,Entregue,Sim,Transportadora / cliente
DEL00398,CGO00398,2026-02-03 02:15,2026-02-04 00:26,2026-02-04 03:28,Entregue,Sim,Transportadora / cliente
DEL00399,CGO00399,2026-02-01 03:27,2026-02-01 17:16,2026-02-01 18:31,Entregue,Não,Sem atraso
DEL00400,CGO00400,2026-01-31 17:12,2026-02-01 09:33,2026-02-01 12:06,Entregue,Não,Sem atraso
DEL00401,CGO00401,2026-02-03 09:48,2026-02-05 00:48,2026-02-05 03:56,Entregue,Sim,Transportadora / cliente
DEL00402,CGO00402,2026-02-01 22:13,2026-02-03 20:09,2026-02-03 22:26,Entregue,Sim,Transportadora / cliente
DEL00403,CGO00403,2026-02-02 22:03,2026-02-04 18:34,2026-02-04 19:09,Entregue,Sim,Transportadora / cliente
DEL00404,CGO00404,2026-02-01 21:25,2026-02-02 04:14,2026-02-02 07:49,Entregue,Não,Sem atraso
DEL00405,CGO00405,2026-01-30 20:51,2026-02-01 09:38,2026-02-01 11:03,Entregue,Sim,Transportadora / cliente
DEL00406,CGO00406,2026-02-03 09:00,2026-02-04 17:47,2026-02-04 19:09,Entregue,Sim,Transportadora / cliente
DEL00407,CGO00407,2026-01-30 20:06,2026-01-31 22:34,2026-01-31 23:24,Entregue,Sim,Transportadora / cliente
DEL00408,CGO00408,2026-03-24 00:53,2026-03-24 18:55,2026-03-24 22:17,Entregue,Não,Sem atraso
DEL00409,CGO00409,2026-03-25 12:36,2026-03-27 03:25,2026-03-27 06:19,Entregue,Sim,Transportadora / cliente
DEL00410,CGO00410,2026-03-23 22:31,2026-03-24 16:43,2026-03-24 18:22,Entregue,Não,Sem atraso
DEL00411,CGO00411,2026-03-24 16:14,2026-03-24 23:08,2026-03-24 23:40,Entregue,Não,Sem atraso
DEL00412,CGO00412,2026-03-23 09:49,2026-03-25 07:58,2026-03-25 10:42,Entregue,Sim,Transportadora / cliente
DEL00413,CGO00413,2026-03-26 20:46,2026-03-28 00:59,2026-03-28 02:04,Entregue,Sim,Transportadora / cliente
DEL00414,CGO00414,2026-03-24 06:36,2026-03-25 14:19,2026-03-25 15:18,Entregue,Sim,Transportadora / cliente
DEL00415,CGO00415,2026-03-24 10:21,2026-03-25 22:32,2026-03-26 02:00,Entregue,Sim,Transportadora / cliente
DEL00416,CGO00416,2026-03-08 01:30,2026-03-08 23:25,2026-03-09 00:32,Entregue,Não,Sem atraso
DEL00417,CGO00417,2026-03-08 23:07,2026-03-10 00:29,2026-03-10 04:15,Entregue,Sim,Transportadora / cliente
DEL00418,CGO00418,2026-03-07 14:55,2026-03-08 16:29,2026-03-08 17:37,Entregue,Sim,Transportadora / cliente
DEL00419,CGO00419,2026-03-07 05:45,2026-03-07 06:43,2026-03-07 07:04,Entregue,Não,Sem atraso
DEL00420,CGO00420,2026-03-07 05:51,2026-03-08 15:31,2026-03-08 17:33,Entregue,Sim,Transportadora / cliente
DEL00421,CGO00421,2026-03-07 08:55,2026-03-08 16:23,2026-03-08 17:41,Entregue,Sim,Transportadora / cliente
DEL00422,CGO00422,2026-03-07 22:38,2026-03-08 23:41,2026-03-09 02:28,Entregue,Sim,Transportadora / cliente
DEL00423,CGO00423,2026-03-08 03:30,2026-03-08 05:34,2026-03-08 08:30,Entregue,Não,Sem atraso
DEL00424,CGO00424,2026-03-10 14:50,2026-03-11 05:26,2026-03-11 05:48,Entregue,Não,Sem atraso
DEL00425,CGO00425,2026-03-13 14:20,2026-03-14 01:52,2026-03-14 04:37,Entregue,Não,Sem atraso
DEL00426,CGO00426,2026-03-11 17:42,2026-03-11 23:03,2026-03-12 00:29,Entregue,Não,Sem atraso
DEL00427,CGO00427,2026-03-13 01:30,2026-03-14 14:53,2026-03-14 18:42,Entregue,Sim,Transportadora / cliente
DEL00428,CGO00428,2026-03-12 03:53,2026-03-12 08:25,2026-03-12 11:33,Entregue,Não,Sem atraso
DEL00429,CGO00429,2026-03-12 15:28,2026-03-13 07:47,2026-03-13 10:09,Entregue,Não,Sem atraso
DEL00430,CGO00430,2026-03-12 15:12,2026-03-14 07:54,2026-03-14 09:33,Entregue,Sim,Transportadora / cliente
DEL00431,CGO00431,2026-03-14 18:16,2026-03-15 03:59,2026-03-15 07:08,Entregue,Não,Sem atraso
DEL00432,CGO00432,2026-03-13 11:25,2026-03-13 19:58,2026-03-13 22:25,Entregue,Não,Sem atraso
DEL00433,CGO00433,2026-03-11 16:44,2026-03-12 20:34,2026-03-12 23:43,Entregue,Sim,Transportadora / cliente
DEL00434,CGO00434,2026-03-15 03:42,2026-03-15 07:34,2026-03-15 08:44,Entregue,Não,Sem atraso
DEL00435,CGO00435,2026-03-12 08:34,2026-03-12 17:47,2026-03-12 19:22,Entregue,Não,Sem atraso
DEL00436,CGO00436,2026-01-20 06:17,2026-01-20 06:47,2026-01-20 08:16,Entregue,Não,Sem atraso
DEL00437,CGO00437,2026-01-21 05:32,2026-01-23 01:52,2026-01-23 02:13,Entregue,Sim,Transportadora / cliente
DEL00438,CGO00438,2026-01-20 16:22,2026-01-20 20:15,2026-01-20 22:35,Entregue,Não,Sem atraso
DEL00439,CGO00439,2026-01-21 09:53,2026-01-22 09:20,2026-01-22 10:41,Entregue,Sim,Transportadora / cliente
DEL00440,CGO00440,2026-01-20 05:33,2026-01-20 18:46,2026-01-20 20:44,Entregue,Não,Sem atraso
DEL00441,CGO00441,2026-02-09 05:32,2026-02-09 22:23,2026-02-10 01:02,Entregue,Não,Sem atraso
DEL00442,CGO00442,2026-02-07 14:00,2026-02-08 11:57,2026-02-08 13:26,Entregue,Não,Sem atraso
DEL00443,CGO00443,2026-02-07 08:48,2026-02-07 14:51,2026-02-07 16:52,Entregue,Não,Sem atraso
DEL00444,CGO00444,2026-02-08 23:53,2026-02-10 14:26,2026-02-10 17:49,Entregue,Sim,Transportadora / cliente
DEL00445,CGO00445,2026-02-06 12:06,2026-02-08 11:50,2026-02-08 13:13,Entregue,Sim,Transportadora / cliente
DEL00446,CGO00446,2026-02-07 13:02,2026-02-08 17:30,2026-02-08 19:30,Entregue,Sim,Transportadora / cliente
DEL00447,CGO00447,2026-03-22 06:22,2026-03-23 08:42,2026-03-23 10:44,Entregue,Sim,Transportadora / cliente
DEL00448,CGO00448,2026-03-23 14:39,2026-03-24 12:16,2026-03-24 14:54,Entregue,Sim,Transportadora / cliente
DEL00449,CGO00449,2026-03-22 08:55,2026-03-24 07:31,2026-03-24 09:28,Entregue,Sim,Transportadora / cliente
DEL00450,CGO00450,2026-03-23 01:46,2026-03-23 13:30,2026-03-23 16:54,Entregue,Não,Sem atraso
DEL00451,CGO00451,2026-03-24 11:13,2026-03-25 11:37,2026-03-25 14:06,Entregue,Sim,Transportadora / cliente
DEL00452,CGO00452,2026-03-25 03:29,2026-03-26 02:55,2026-03-26 03:25,Entregue,Não,Sem atraso
DEL00453,CGO00453,2026-03-24 22:47,2026-03-26 14:21,2026-03-26 17:22,Entregue,Sim,Transportadora / cliente
DEL00454,CGO00454,2026-03-24 07:17,2026-03-25 22:17,2026-03-26 00:13,Entregue,Sim,Transportadora / cliente
DEL00455,CGO00455,2026-03-24 17:33,2026-03-25 13:01,2026-03-25 14:08,Entregue,Não,Sem atraso
DEL00456,CGO00456,2026-03-25 14:45,2026-03-27 14:10,2026-03-27 15:07,Entregue,Sim,Transportadora / cliente
DEL00457,CGO00457,2026-03-23 11:54,2026-03-24 11:04,2026-03-24 12:33,Entregue,Sim,Transportadora / cliente
DEL00458,CGO00458,2026-02-22 11:29,2026-02-23 20:13,2026-02-23 23:26,Entregue,Sim,Transportadora / cliente
DEL00459,CGO00459,2026-02-18 15:14,2026-02-19 10:16,2026-02-19 10:54,Entregue,Não,Sem atraso
DEL00460,CGO00460,2026-02-19 14:14,2026-02-21 08:21,2026-02-21 10:45,Entregue,Sim,Transportadora / cliente
DEL00461,CGO00461,2026-02-19 03:34,2026-02-20 16:06,2026-02-20 18:02,Entregue,Sim,Transportadora / cliente
DEL00462,CGO00462,2026-02-19 00:58,2026-02-19 15:47,2026-02-19 16:40,Entregue,Não,Sem atraso
DEL00463,CGO00463,2026-02-18 13:08,2026-02-19 08:41,2026-02-19 10:25,Entregue,Não,Sem atraso
DEL00464,CGO00464,2026-02-19 18:45,2026-02-19 19:38,2026-02-19 20:09,Entregue,Não,Sem atraso
DEL00465,CGO00465,2026-02-19 11:10,2026-02-20 00:18,2026-02-20 00:40,Entregue,Não,Sem atraso
DEL00466,CGO00466,2026-02-18 12:17,2026-02-19 16:55,2026-02-19 17:57,Entregue,Sim,Transportadora / cliente
DEL00467,CGO00467,2026-02-19 20:14,2026-02-20 12:50,2026-02-20 16:06,Entregue,Não,Sem atraso
DEL00468,CGO00468,2026-02-19 15:48,2026-02-20 20:40,2026-02-20 21:59,Entregue,Sim,Transportadora / cliente
DEL00469,CGO00469,2026-02-18 11:57,2026-02-18 14:48,2026-02-18 18:11,Entregue,Não,Sem atraso
DEL00470,CGO00470,2026-02-21 11:40,2026-02-22 19:36,2026-02-22 21:01,Entregue,Sim,Transportadora / cliente
DEL00471,CGO00471,2026-03-08 06:38,2026-03-10 04:52,2026-03-10 06:24,Entregue,Sim,Transportadora / cliente
DEL00472,CGO00472,2026-03-07 00:35,2026-03-07 06:49,2026-03-07 09:29,Entregue,Não,Sem atraso
DEL00473,CGO00473,2026-03-07 23:27,2026-03-09 12:09,2026-03-09 14:10,Entregue,Sim,Transportadora / cliente
DEL00474,CGO00474,2026-03-06 07:54,2026-03-07 02:01,2026-03-07 02:52,Entregue,Não,Sem atraso
DEL00475,CGO00475,2026-03-06 17:32,2026-03-07 05:10,2026-03-07 08:57,Entregue,Não,Sem atraso
DEL00476,CGO00476,2026-03-07 12:48,2026-03-07 14:44,2026-03-07 15:06,Entregue,Não,Sem atraso
DEL00477,CGO00477,2026-03-06 12:44,2026-03-06 13:59,2026-03-06 15:09,Entregue,Não,Sem atraso
DEL00478,CGO00478,2026-03-06 19:27,2026-03-07 13:44,2026-03-07 14:54,Entregue,Não,Sem atraso
DEL00479,CGO00479,2026-03-09 05:45,2026-03-10 20:40,2026-03-10 22:20,Entregue,Sim,Transportadora / cliente
DEL00480,CGO00480,2026-03-07 18:00,2026-03-07 22:04,2026-03-07 23:26,Entregue,Não,Sem atraso
DEL00481,CGO00481,2026-03-10 01:53,2026-03-11 13:47,2026-03-11 15:01,Entregue,Sim,Transportadora / cliente
DEL00482,CGO00482,2026-03-07 07:47,2026-03-08 12:00,2026-03-08 13:41,Entregue,Sim,Transportadora / cliente
DEL00483,CGO00483,2026-03-10 05:26,2026-03-11 00:50,2026-03-11 04:20,Entregue,Não,Sem atraso
DEL00484,CGO00484,2026-01-23 14:35,2026-01-24 06:45,2026-01-24 07:36,Entregue,Não,Sem atraso
DEL00485,CGO00485,2026-01-26 03:30,2026-01-27 01:51,2026-01-27 04:31,Entregue,Sim,Transportadora / cliente
DEL00486,CGO00486,2026-01-25 21:47,2026-01-27 07:15,2026-01-27 11:11,Entregue,Sim,Transportadora / cliente
DEL00487,CGO00487,2026-01-24 12:04,2026-01-24 20:21,2026-01-24 23:15,Entregue,Não,Sem atraso
DEL00488,CGO00488,2026-01-26 07:50,2026-01-27 17:32,2026-01-27 18:46,Entregue,Sim,Transportadora / cliente
DEL00489,CGO00489,2026-01-24 09:07,2026-01-24 21:55,2026-01-24 23:02,Entregue,Não,Sem atraso
DEL00490,CGO00490,2026-01-23 14:21,2026-01-25 09:23,2026-01-25 11:40,Entregue,Sim,Transportadora / cliente
DEL00491,CGO00491,2026-01-24 12:29,2026-01-25 11:28,2026-01-25 12:48,Entregue,Sim,Transportadora / cliente
DEL00492,CGO00492,2026-01-23 21:16,2026-01-25 04:43,2026-01-25 05:14,Entregue,Sim,Transportadora / cliente
DEL00493,CGO00493,2026-01-26 22:12,2026-01-27 07:40,2026-01-27 11:14,Entregue,Não,Sem atraso
DEL00494,CGO00494,2026-01-23 23:37,2026-01-24 23:36,2026-01-25 00:14,Entregue,Sim,Transportadora / cliente
DEL00495,CGO00495,2026-01-26 12:29,2026-01-27 04:14,2026-01-27 04:55,Entregue,Não,Sem atraso
DEL00496,CGO00496,2026-01-12 19:48,2026-01-14 15:45,2026-01-14 17:58,Entregue,Sim,Transportadora / cliente
DEL00497,CGO00497,2026-01-12 10:36,2026-01-12 17:00,2026-01-12 17:20,Entregue,Não,Sem atraso
DEL00498,CGO00498,2026-01-14 12:45,2026-01-16 01:16,2026-01-16 04:16,Entregue,Sim,Transportadora / cliente
DEL00499,CGO00499,2026-01-14 11:49,2026-01-15 07:59,2026-01-15 11:24,Entregue,Não,Sem atraso
DEL00500,CGO00500,2026-01-13 17:46,2026-01-15 04:56,2026-01-15 05:23,Entregue,Sim,Transportadora / cliente
DEL00501,CGO00501,2026-01-13 14:20,2026-01-13 16:28,2026-01-13 19:25,Entregue,Não,Sem atraso
DEL00502,CGO00502,2026-01-12 14:00,2026-01-14 05:38,2026-01-14 08:41,Entregue,Sim,Transportadora / cliente
DEL00503,CGO00503,2026-01-14 11:54,2026-01-15 19:11,2026-01-15 21:22,Entregue,Sim,Transportadora / cliente
DEL00504,CGO00504,2026-01-13 02:19,2026-01-13 09:21,2026-01-13 12:06,Entregue,Não,Sem atraso
DEL00505,CGO00505,2026-01-12 08:49,2026-01-14 01:20,2026-01-14 02:42,Entregue,Sim,Transportadora / cliente
DEL00506,CGO00506,2026-01-13 02:51,2026-01-14 19:34,2026-01-14 23:21,Entregue,Sim,Transportadora / cliente
DEL00507,CGO00507,2026-01-12 09:19,2026-01-13 13:03,2026-01-13 14:31,Entregue,Sim,Transportadora / cliente
DEL00508,CGO00508,2026-01-16 04:29,2026-01-17 17:34,2026-01-17 20:47,Entregue,Sim,Transportadora / cliente
DEL00509,CGO00509,2026-01-13 03:56,2026-01-14 17:56,2026-01-14 19:21,Entregue,Sim,Transportadora / cliente
DEL00510,CGO00510,2026-02-18 08:49,2026-02-20 03:31,2026-02-20 07:19,Entregue,Sim,Transportadora / cliente
DEL00511,CGO00511,2026-02-18 13:53,2026-02-18 21:10,2026-02-18 23:16,Entregue,Não,Sem atraso
DEL00512,CGO00512,2026-02-20 23:04,2026-02-22 17:59,2026-02-22 18:44,Entregue,Sim,Transportadora / cliente
DEL00513,CGO00513,2026-02-21 09:51,2026-02-21 13:53,2026-02-21 14:39,Entregue,Não,Sem atraso
DEL00514,CGO00514,2026-02-19 01:13,2026-02-19 01:54,2026-02-19 02:32,Entregue,Não,Sem atraso
DEL00515,CGO00515,2026-03-12 12:18,2026-03-13 22:12,2026-03-13 23:49,Entregue,Sim,Transportadora / cliente
DEL00516,CGO00516,2026-03-12 22:28,2026-03-14 08:02,2026-03-14 08:38,Entregue,Sim,Transportadora / cliente
DEL00517,CGO00517,2026-03-12 09:33,2026-03-12 19:47,2026-03-12 22:21,Entregue,Não,Sem atraso
DEL00518,CGO00518,2026-03-13 23:18,2026-03-14 18:04,2026-03-14 18:43,Entregue,Não,Sem atraso
DEL00519,CGO00519,2026-03-11 15:59,2026-03-12 11:31,2026-03-12 13:50,Entregue,Não,Sem atraso
DEL00520,CGO00520,2026-03-08 15:33,2026-03-09 10:38,2026-03-09 14:10,Entregue,Não,Sem atraso
DEL00521,CGO00521,2026-03-08 21:27,2026-03-10 10:45,2026-03-10 12:44,Entregue,Sim,Transportadora / cliente
DEL00522,CGO00522,2026-03-10 20:31,2026-03-11 04:20,2026-03-11 06:21,Entregue,Não,Sem atraso
DEL00523,CGO00523,2026-03-10 14:42,2026-03-11 10:14,2026-03-11 10:35,Entregue,Não,Sem atraso
DEL00524,CGO00524,2026-03-11 00:20,2026-03-11 16:32,2026-03-11 19:42,Entregue,Não,Sem atraso
DEL00525,CGO00525,2026-03-07 22:27,2026-03-08 15:58,2026-03-08 18:24,Entregue,Não,Sem atraso
DEL00526,CGO00526,2026-03-08 12:40,2026-03-08 15:39,2026-03-08 18:13,Entregue,Não,Sem atraso
DEL00527,CGO00527,2026-03-09 02:21,2026-03-09 09:09,2026-03-09 12:23,Entregue,Não,Sem atraso
DEL00528,CGO00528,2026-03-09 09:51,2026-03-11 03:16,2026-03-11 04:42,Entregue,Sim,Transportadora / cliente
DEL00529,CGO00529,2026-03-08 17:37,2026-03-09 00:56,2026-03-09 04:53,Entregue,Não,Sem atraso
DEL00530,CGO00530,2026-03-08 11:20,2026-03-08 12:38,2026-03-08 16:16,Entregue,Não,Sem atraso
DEL00531,CGO00531,2026-03-10 02:08,2026-03-10 22:01,2026-03-10 22:32,Entregue,Não,Sem atraso
DEL00532,CGO00532,2026-03-09 14:16,2026-03-09 17:39,2026-03-09 18:10,Entregue,Não,Sem atraso
DEL00533,CGO00533,2026-03-07 23:02,2026-03-08 10:08,2026-03-08 13:03,Entregue,Não,Sem atraso
DEL00534,CGO00534,2026-01-02 17:49,2026-01-02 18:53,2026-01-02 22:30,Entregue,Não,Sem atraso
DEL00535,CGO00535,2026-01-04 20:29,2026-01-06 15:30,2026-01-06 17:54,Entregue,Sim,Transportadora / cliente
DEL00536,CGO00536,2026-01-04 01:03,2026-01-04 11:30,2026-01-04 13:29,Entregue,Não,Sem atraso
DEL00537,CGO00537,2026-01-03 07:50,2026-01-04 20:55,2026-01-05 00:27,Entregue,Sim,Transportadora / cliente
DEL00538,CGO00538,2026-01-04 04:34,2026-01-05 11:26,2026-01-05 12:43,Entregue,Sim,Transportadora / cliente
DEL00539,CGO00539,2026-01-03 22:35,2026-01-05 11:14,2026-01-05 11:45,Entregue,Sim,Transportadora / cliente
DEL00540,CGO00540,2026-01-02 14:44,2026-01-03 04:04,2026-01-03 07:10,Entregue,Não,Sem atraso
DEL00541,CGO00541,2026-01-02 14:55,2026-01-03 19:56,2026-01-03 23:31,Entregue,Sim,Transportadora / cliente
DEL00542,CGO00542,2026-01-03 12:31,2026-01-03 22:05,2026-01-03 23:44,Entregue,Não,Sem atraso
DEL00543,CGO00543,2026-03-04 13:00,2026-03-05 11:52,2026-03-05 14:28,Entregue,Sim,Transportadora / cliente
DEL00544,CGO00544,2026-03-05 12:47,2026-03-07 08:00,2026-03-07 11:28,Entregue,Sim,Transportadora / cliente
DEL00545,CGO00545,2026-03-06 04:15,2026-03-07 15:08,2026-03-07 19:02,Entregue,Sim,Transportadora / cliente
DEL00546,CGO00546,2026-03-04 11:35,2026-03-06 02:22,2026-03-06 03:52,Entregue,Sim,Transportadora / cliente
DEL00547,CGO00547,2026-03-04 01:13,2026-03-05 23:50,2026-03-06 01:59,Entregue,Sim,Transportadora / cliente
DEL00548,CGO00548,2026-03-04 06:05,2026-03-04 14:27,2026-03-04 16:34,Entregue,Não,Sem atraso
DEL00549,CGO00549,2026-03-06 14:35,2026-03-06 15:12,2026-03-06 17:15,Entregue,Não,Sem atraso
DEL00550,CGO00550,2026-03-04 16:46,2026-03-04 21:22,2026-03-04 22:05,Entregue,Não,Sem atraso
DEL00551,CGO00551,2026-03-03 17:01,2026-03-04 00:37,2026-03-04 04:16,Entregue,Não,Sem atraso
DEL00552,CGO00552,2026-03-04 05:37,2026-03-05 01:47,2026-03-05 04:27,Entregue,Não,Sem atraso
DEL00553,CGO00553,2026-02-13 04:17,2026-02-13 15:14,2026-02-13 17:35,Entregue,Não,Sem atraso
DEL00554,CGO00554,2026-02-15 03:11,2026-02-16 02:05,2026-02-16 05:56,Entregue,Sim,Transportadora / cliente
DEL00555,CGO00555,2026-02-12 10:20,2026-02-13 16:39,2026-02-13 18:53,Entregue,Sim,Transportadora / cliente
DEL00556,CGO00556,2026-02-11 11:48,2026-02-12 15:53,2026-02-12 19:13,Entregue,Sim,Transportadora / cliente
DEL00557,CGO00557,2026-02-11 17:16,2026-02-12 03:23,2026-02-12 05:57,Entregue,Não,Sem atraso
DEL00558,CGO00558,2026-02-12 08:45,2026-02-12 11:08,2026-02-12 13:23,Entregue,Não,Sem atraso
DEL00559,CGO00559,2026-02-11 04:02,2026-02-12 04:00,2026-02-12 04:34,Entregue,Sim,Transportadora / cliente
DEL00560,CGO00560,2026-02-11 20:23,2026-02-13 02:40,2026-02-13 03:42,Entregue,Sim,Transportadora / cliente
DEL00561,CGO00561,2026-02-11 19:39,2026-02-12 15:40,2026-02-12 18:14,Entregue,Não,Sem atraso
DEL00562,CGO00562,2026-02-11 01:47,2026-02-11 09:27,2026-02-11 12:18,Entregue,Não,Sem atraso
DEL00563,CGO00563,2026-02-14 20:08,2026-02-16 13:00,2026-02-16 16:28,Entregue,Sim,Transportadora / cliente
DEL00564,CGO00564,2026-02-11 08:07,2026-02-12 10:16,2026-02-12 13:20,Entregue,Sim,Transportadora / cliente
DEL00565,CGO00565,2026-02-13 21:27,2026-02-13 22:17,2026-02-14 00:19,Entregue,Não,Sem atraso
DEL00566,CGO00566,2026-01-15 21:01,2026-01-16 03:47,2026-01-16 06:10,Entregue,Não,Sem atraso
DEL00567,CGO00567,2026-01-14 04:29,2026-01-14 15:37,2026-01-14 18:57,Entregue,Não,Sem atraso
DEL00568,CGO00568,2026-01-14 09:40,2026-01-14 21:41,2026-01-14 23:21,Entregue,Não,Sem atraso
DEL00569,CGO00569,2026-01-16 01:21,2026-01-17 18:57,2026-01-17 20:05,Entregue,Sim,Transportadora / cliente
DEL00570,CGO00570,2026-01-13 23:55,2026-01-15 11:33,2026-01-15 15:09,Entregue,Sim,Transportadora / cliente
DEL00571,CGO00571,2026-01-14 07:18,2026-01-15 13:49,2026-01-15 17:03,Entregue,Sim,Transportadora / cliente
DEL00572,CGO00572,2026-01-17 00:55,2026-01-18 00:09,2026-01-18 03:03,Entregue,Sim,Transportadora / cliente
DEL00573,CGO00573,2026-01-14 17:37,2026-01-15 06:37,2026-01-15 08:16,Entregue,Não,Sem atraso
DEL00574,CGO00574,2026-01-14 10:58,2026-01-16 08:38,2026-01-16 11:44,Entregue,Sim,Transportadora / cliente
DEL00575,CGO00575,2026-01-14 00:14,2026-01-15 14:24,2026-01-15 18:21,Entregue,Sim,Transportadora / cliente
DEL00576,CGO00576,2026-01-17 19:22,2026-01-19 16:15,2026-01-19 18:51,Entregue,Sim,Transportadora / cliente
DEL00577,CGO00577,2026-01-14 20:18,2026-01-16 02:09,2026-01-16 04:46,Entregue,Sim,Transportadora / cliente
DEL00578,CGO00578,2026-01-23 06:28,2026-01-24 19:55,2026-01-24 21:23,Entregue,Sim,Transportadora / cliente
DEL00579,CGO00579,2026-01-23 07:05,2026-01-24 22:04,2026-01-24 22:30,Entregue,Sim,Transportadora / cliente
DEL00580,CGO00580,2026-01-22 22:36,2026-01-24 20:24,2026-01-25 00:12,Entregue,Sim,Transportadora / cliente
DEL00581,CGO00581,2026-01-24 06:29,2026-01-24 17:22,2026-01-24 19:49,Entregue,Não,Sem atraso
DEL00582,CGO00582,2026-01-23 01:51,2026-01-23 19:44,2026-01-23 23:04,Entregue,Não,Sem atraso
DEL00583,CGO00583,2026-01-22 21:00,2026-01-23 02:27,2026-01-23 04:27,Entregue,Não,Sem atraso
DEL00584,CGO00584,2026-01-22 21:04,2026-01-24 00:24,2026-01-24 01:06,Entregue,Sim,Transportadora / cliente
DEL00585,CGO00585,2026-01-23 21:39,2026-01-25 21:27,2026-01-25 22:45,Entregue,Sim,Transportadora / cliente
DEL00586,CGO00586,2026-01-23 10:35,2026-01-23 14:21,2026-01-23 16:09,Entregue,Não,Sem atraso
DEL00587,CGO00587,2026-01-23 06:07,2026-01-23 07:45,2026-01-23 10:04,Entregue,Não,Sem atraso
DEL00588,CGO00588,2026-01-22 23:02,2026-01-23 11:37,2026-01-23 12:42,Entregue,Não,Sem atraso
DEL00589,CGO00589,2026-01-24 08:18,2026-01-25 07:56,2026-01-25 11:25,Entregue,Sim,Transportadora / cliente
DEL00590,CGO00590,2026-01-22 21:19,2026-01-22 21:57,2026-01-22 22:20,Entregue,Não,Sem atraso
DEL00591,CGO00591,2026-01-22 20:25,2026-01-23 16:07,2026-01-23 18:48,Entregue,Não,Sem atraso
DEL00592,CGO00592,2026-01-04 23:16,2026-01-06 13:11,2026-01-06 14:47,Entregue,Sim,Transportadora / cliente
DEL00593,CGO00593,2026-01-05 03:46,2026-01-06 08:19,2026-01-06 12:08,Entregue,Sim,Transportadora / cliente
DEL00594,CGO00594,2026-01-05 18:41,2026-01-07 18:30,2026-01-07 21:21,Entregue,Sim,Transportadora / cliente
DEL00595,CGO00595,2026-01-05 08:51,2026-01-07 08:42,2026-01-07 09:53,Entregue,Sim,Transportadora / cliente
DEL00596,CGO00596,2026-01-07 18:52,2026-01-07 20:46,2026-01-08 00:11,Entregue,Não,Sem atraso
DEL00597,CGO00597,2026-01-07 04:57,2026-01-08 03:18,2026-01-08 06:11,Entregue,Sim,Transportadora / cliente
DEL00598,CGO00598,2026-03-30 07:03,2026-03-30 14:10,2026-03-30 15:50,Entregue,Não,Sem atraso
DEL00599,CGO00599,2026-03-30 21:14,2026-04-01 11:25,2026-04-01 15:19,Entregue,Sim,Transportadora / cliente
DEL00600,CGO00600,2026-03-31 04:04,2026-04-01 06:25,2026-04-01 07:03,Entregue,Sim,Transportadora / cliente
DEL00601,CGO00601,2026-03-29 18:51,2026-03-30 05:50,2026-03-30 07:57,Entregue,Não,Sem atraso
DEL00602,CGO00602,2026-03-29 18:04,2026-03-30 23:44,2026-03-31 01:27,Entregue,Sim,Transportadora / cliente
DEL00603,CGO00603,2026-03-31 07:07,2026-03-31 17:39,2026-03-31 21:17,Entregue,Não,Sem atraso
DEL00604,CGO00604,2026-04-01 11:42,2026-04-01 18:51,2026-04-01 22:38,Entregue,Não,Sem atraso
DEL00605,CGO00605,2026-03-31 18:42,2026-03-31 22:21,2026-04-01 01:10,Entregue,Não,Sem atraso
DEL00606,CGO00606,2026-04-01 23:48,2026-04-02 07:48,2026-04-02 08:54,Entregue,Não,Sem atraso
DEL00607,CGO00607,2026-02-16 11:40,2026-02-18 08:13,2026-02-18 11:55,Entregue,Sim,Transportadora / cliente
DEL00608,CGO00608,2026-02-14 08:45,2026-02-15 23:19,2026-02-16 01:06,Entregue,Sim,Transportadora / cliente
DEL00609,CGO00609,2026-02-14 15:46,2026-02-16 05:17,2026-02-16 08:31,Entregue,Sim,Transportadora / cliente
DEL00610,CGO00610,2026-02-16 05:23,2026-02-16 05:55,2026-02-16 08:15,Entregue,Não,Sem atraso
DEL00611,CGO00611,2026-02-16 23:32,2026-02-18 08:39,2026-02-18 10:13,Entregue,Sim,Transportadora / cliente
DEL00612,CGO00612,2026-02-17 07:24,2026-02-18 08:53,2026-02-18 11:12,Entregue,Sim,Transportadora / cliente
DEL00613,CGO00613,2026-02-14 10:09,2026-02-15 00:24,2026-02-15 03:13,Entregue,Não,Sem atraso
DEL00614,CGO00614,2026-02-15 01:27,2026-02-16 02:21,2026-02-16 02:54,Entregue,Sim,Transportadora / cliente
DEL00615,CGO00615,2026-02-17 07:05,2026-02-19 05:25,2026-02-19 06:06,Entregue,Sim,Transportadora / cliente
DEL00616,CGO00616,2026-02-15 17:40,2026-02-16 17:01,2026-02-16 19:06,Entregue,Sim,Transportadora / cliente
DEL00617,CGO00617,2026-02-15 13:05,2026-02-15 17:16,2026-02-15 19:32,Entregue,Não,Sem atraso
DEL00618,CGO00618,2026-02-14 23:00,2026-02-15 13:48,2026-02-15 15:32,Entregue,Não,Sem atraso
DEL00619,CGO00619,2026-01-19 04:30,2026-01-19 05:06,2026-01-19 07:15,Entregue,Não,Sem atraso
DEL00620,CGO00620,2026-01-18 21:12,2026-01-19 15:23,2026-01-19 16:50,Entregue,Não,Sem atraso
DEL00621,CGO00621,2026-01-19 09:47,2026-01-21 07:50,2026-01-21 10:00,Entregue,Sim,Transportadora / cliente
DEL00622,CGO00622,2026-01-18 13:12,2026-01-19 21:46,2026-01-20 01:38,Entregue,Sim,Transportadora / cliente
DEL00623,CGO00623,2026-01-18 16:09,2026-01-18 17:56,2026-01-18 20:00,Entregue,Não,Sem atraso
DEL00624,CGO00624,2026-01-18 16:23,2026-01-19 19:47,2026-01-19 20:11,Entregue,Sim,Transportadora / cliente
DEL00625,CGO00625,2026-01-19 05:09,2026-01-20 16:48,2026-01-20 17:44,Entregue,Sim,Transportadora / cliente
DEL00626,CGO00626,2026-01-19 22:19,2026-01-20 05:01,2026-01-20 08:11,Entregue,Não,Sem atraso
DEL00627,CGO00627,2026-01-21 02:17,2026-01-21 04:59,2026-01-21 05:38,Entregue,Não,Sem atraso
DEL00628,CGO00628,2026-03-18 12:04,2026-03-19 19:03,2026-03-19 20:56,Entregue,Sim,Transportadora / cliente
DEL00629,CGO00629,2026-03-18 17:35,2026-03-19 05:38,2026-03-19 08:31,Entregue,Não,Sem atraso
DEL00630,CGO00630,2026-03-17 21:52,2026-03-18 08:39,2026-03-18 09:46,Entregue,Não,Sem atraso
DEL00631,CGO00631,2026-03-18 12:14,2026-03-20 02:24,2026-03-20 03:28,Entregue,Sim,Transportadora / cliente
DEL00632,CGO00632,2026-03-18 05:50,2026-03-19 10:02,2026-03-19 11:53,Entregue,Sim,Transportadora / cliente
DEL00633,CGO00633,2026-02-24 07:04,2026-02-25 22:33,2026-02-26 00:03,Entregue,Sim,Transportadora / cliente
DEL00634,CGO00634,2026-02-26 18:43,2026-02-27 14:27,2026-02-27 18:05,Entregue,Não,Sem atraso
DEL00635,CGO00635,2026-02-24 18:43,2026-02-25 12:50,2026-02-25 14:35,Entregue,Não,Sem atraso
DEL00636,CGO00636,2026-02-25 16:40,2026-02-26 04:52,2026-02-26 07:55,Entregue,Não,Sem atraso
DEL00637,CGO00637,2026-02-23 19:08,2026-02-25 18:46,2026-02-25 20:02,Entregue,Sim,Transportadora / cliente
DEL00638,CGO00638,2026-02-26 17:42,2026-02-28 14:05,2026-02-28 16:05,Entregue,Sim,Transportadora / cliente
DEL00639,CGO00639,2026-02-23 16:21,2026-02-25 02:02,2026-02-25 05:21,Entregue,Sim,Transportadora / cliente
DEL00640,CGO00640,2026-02-23 10:08,2026-02-24 12:49,2026-02-24 14:35,Entregue,Sim,Transportadora / cliente
DEL00641,CGO00641,2026-02-23 15:39,2026-02-25 15:10,2026-02-25 17:36,Entregue,Sim,Transportadora / cliente
DEL00642,CGO00642,2026-02-24 19:51,2026-02-26 13:21,2026-02-26 16:39,Entregue,Sim,Transportadora / cliente
DEL00643,CGO00643,2026-02-23 09:21,2026-02-24 01:14,2026-02-24 02:28,Entregue,Não,Sem atraso
DEL00644,CGO00644,2026-02-24 22:02,2026-02-26 01:59,2026-02-26 04:04,Entregue,Sim,Transportadora / cliente
DEL00645,CGO00645,2026-03-04 04:25,2026-03-05 10:10,2026-03-05 13:42,Entregue,Sim,Transportadora / cliente
DEL00646,CGO00646,2026-03-02 05:31,2026-03-03 22:53,2026-03-04 02:05,Entregue,Sim,Transportadora / cliente
DEL00647,CGO00647,2026-03-04 06:43,2026-03-04 08:36,2026-03-04 09:01,Entregue,Não,Sem atraso
DEL00648,CGO00648,2026-03-03 06:09,2026-03-04 19:23,2026-03-04 20:07,Entregue,Sim,Transportadora / cliente
DEL00649,CGO00649,2026-03-03 14:47,2026-03-04 17:41,2026-03-04 18:36,Entregue,Sim,Transportadora / cliente
DEL00650,CGO00650,2026-03-05 11:57,2026-03-07 01:41,2026-03-07 04:32,Entregue,Sim,Transportadora / cliente
DEL00651,CGO00651,2026-03-02 13:25,2026-03-02 20:45,2026-03-02 23:33,Entregue,Não,Sem atraso
DEL00652,CGO00652,2026-03-02 06:33,2026-03-02 16:47,2026-03-02 20:35,Entregue,Não,Sem atraso
DEL00653,CGO00653,2026-03-02 11:53,2026-03-04 02:41,2026-03-04 05:42,Entregue,Sim,Transportadora / cliente
DEL00654,CGO00654,2026-03-03 03:24,2026-03-05 03:05,2026-03-05 03:53,Entregue,Sim,Transportadora / cliente
DEL00655,CGO00655,2026-03-05 00:55,2026-03-05 22:51,2026-03-06 02:03,Entregue,Sim,Transportadora / cliente
DEL00656,CGO00656,2026-03-03 00:56,2026-03-04 05:56,2026-03-04 06:24,Entregue,Sim,Transportadora / cliente
DEL00657,CGO00657,2026-01-26 09:45,2026-01-26 11:33,2026-01-26 13:35,Entregue,Não,Sem atraso
DEL00658,CGO00658,2026-01-28 07:14,2026-01-28 16:59,2026-01-28 18:18,Entregue,Não,Sem atraso
DEL00659,CGO00659,2026-01-26 21:02,2026-01-27 20:25,2026-01-28 00:09,Entregue,Sim,Transportadora / cliente
DEL00660,CGO00660,2026-01-28 02:28,2026-01-28 15:34,2026-01-28 19:00,Entregue,Não,Sem atraso
DEL00661,CGO00661,2026-01-27 13:33,2026-01-29 09:13,2026-01-29 09:56,Entregue,Sim,Transportadora / cliente
DEL00662,CGO00662,2026-01-29 02:43,2026-01-30 15:52,2026-01-30 16:24,Entregue,Sim,Transportadora / cliente
DEL00663,CGO00663,2026-01-27 10:57,2026-01-27 18:35,2026-01-27 21:18,Entregue,Não,Sem atraso
DEL00664,CGO00664,2026-01-29 18:43,2026-01-31 17:02,2026-01-31 20:00,Entregue,Sim,Transportadora / cliente
DEL00665,CGO00665,2026-01-26 09:17,2026-01-26 19:18,2026-01-26 21:46,Entregue,Não,Sem atraso
DEL00666,CGO00666,2026-01-26 03:27,2026-01-28 03:16,2026-01-28 04:29,Entregue,Sim,Transportadora / cliente
DEL00667,CGO00667,2026-01-28 21:32,2026-01-30 13:49,2026-01-30 16:40,Entregue,Sim,Transportadora / cliente
DEL00668,CGO00668,2026-01-27 07:46,2026-01-29 02:15,2026-01-29 05:57,Entregue,Sim,Transportadora / cliente
DEL00669,CGO00669,2026-01-26 08:33,2026-01-27 17:26,2026-01-27 21:22,Entregue,Sim,Transportadora / cliente
DEL00670,CGO00670,2026-01-26 19:10,2026-01-28 17:46,2026-01-28 20:19,Entregue,Sim,Transportadora / cliente
DEL00671,CGO00671,2026-03-15 18:19,2026-03-16 09:01,2026-03-16 09:55,Entregue,Não,Sem atraso
DEL00672,CGO00672,2026-03-13 18:19,2026-03-14 04:56,2026-03-14 07:07,Entregue,Não,Sem atraso
DEL00673,CGO00673,2026-03-16 21:08,2026-03-17 08:59,2026-03-17 12:40,Entregue,Não,Sem atraso
DEL00674,CGO00674,2026-03-15 15:49,2026-03-15 22:07,2026-03-16 00:54,Entregue,Não,Sem atraso
DEL00675,CGO00675,2026-03-14 21:43,2026-03-15 01:50,2026-03-15 03:10,Entregue,Não,Sem atraso
DEL00676,CGO00676,2026-03-14 06:28,2026-03-15 03:33,2026-03-15 06:42,Entregue,Sim,Transportadora / cliente
DEL00677,CGO00677,2026-03-15 05:06,2026-03-15 13:56,2026-03-15 17:03,Entregue,Não,Sem atraso
DEL00678,CGO00678,2026-03-14 23:43,2026-03-16 14:38,2026-03-16 17:59,Entregue,Sim,Transportadora / cliente
DEL00679,CGO00679,2026-02-28 01:02,2026-02-28 20:05,2026-02-28 21:37,Entregue,Não,Sem atraso
DEL00680,CGO00680,2026-02-26 20:40,2026-02-27 14:42,2026-02-27 17:33,Entregue,Não,Sem atraso
DEL00681,CGO00681,2026-02-26 01:08,2026-02-27 22:14,2026-02-28 00:16,Entregue,Sim,Transportadora / cliente
DEL00682,CGO00682,2026-02-26 19:11,2026-02-28 18:43,2026-02-28 20:57,Entregue,Sim,Transportadora / cliente
DEL00683,CGO00683,2026-02-26 06:46,2026-02-27 14:18,2026-02-27 16:21,Entregue,Sim,Transportadora / cliente
DEL00684,CGO00684,2026-02-27 07:41,2026-02-27 10:13,2026-02-27 11:48,Entregue,Não,Sem atraso
DEL00685,CGO00685,2026-02-26 10:10,2026-02-27 04:38,2026-02-27 07:43,Entregue,Não,Sem atraso
DEL00686,CGO00686,2026-02-26 01:23,2026-02-27 11:09,2026-02-27 13:22,Entregue,Sim,Transportadora / cliente
DEL00687,CGO00687,2026-02-26 01:36,2026-02-26 21:39,2026-02-27 00:17,Entregue,Não,Sem atraso
DEL00688,CGO00688,2026-03-21 22:53,2026-03-22 22:27,2026-03-23 01:04,Entregue,Sim,Transportadora / cliente
DEL00689,CGO00689,2026-03-23 00:54,2026-03-24 08:44,2026-03-24 09:39,Entregue,Sim,Transportadora / cliente
DEL00690,CGO00690,2026-03-20 19:02,2026-03-20 20:09,2026-03-20 21:40,Entregue,Não,Sem atraso
DEL00691,CGO00691,2026-03-21 07:47,2026-03-22 12:21,2026-03-22 13:57,Entregue,Sim,Transportadora / cliente
DEL00692,CGO00692,2026-03-20 14:01,2026-03-21 12:00,2026-03-21 15:45,Entregue,Sim,Transportadora / cliente
DEL00693,CGO00693,2026-03-24 08:19,2026-03-26 00:03,2026-03-26 03:41,Entregue,Sim,Transportadora / cliente
DEL00694,CGO00694,2026-03-21 15:41,2026-03-22 00:00,2026-03-22 03:04,Entregue,Não,Sem atraso
DEL00695,CGO00695,2026-03-23 01:51,2026-03-24 22:48,2026-03-25 00:40,Entregue,Sim,Transportadora / cliente
DEL00696,CGO00696,2026-03-21 09:33,2026-03-21 10:52,2026-03-21 11:30,Entregue,Não,Sem atraso
DEL00697,CGO00697,2026-03-23 13:21,2026-03-24 04:09,2026-03-24 07:05,Entregue,Não,Sem atraso
DEL00698,CGO00698,2026-03-21 15:49,2026-03-23 12:29,2026-03-23 13:56,Entregue,Sim,Transportadora / cliente
DEL00699,CGO00699,2026-02-28 12:41,2026-02-28 19:18,2026-02-28 19:47,Entregue,Não,Sem atraso
DEL00700,CGO00700,2026-02-28 07:25,2026-02-28 08:59,2026-02-28 10:15,Entregue,Não,Sem atraso
DEL00701,CGO00701,2026-02-28 15:21,2026-03-01 23:51,2026-03-02 01:09,Entregue,Sim,Transportadora / cliente
DEL00702,CGO00702,2026-02-27 13:52,2026-02-28 19:50,2026-02-28 23:13,Entregue,Sim,Transportadora / cliente
DEL00703,CGO00703,2026-02-28 13:21,2026-02-28 14:30,2026-02-28 18:18,Entregue,Não,Sem atraso
DEL00704,CGO00704,2026-03-03 00:55,2026-03-04 10:34,2026-03-04 10:59,Entregue,Sim,Transportadora / cliente
DEL00705,CGO00705,2026-02-28 17:38,2026-03-01 21:03,2026-03-01 21:35,Entregue,Sim,Transportadora / cliente
DEL00706,CGO00706,2026-03-01 06:05,2026-03-01 09:45,2026-03-01 10:17,Entregue,Não,Sem atraso
DEL00707,CGO00707,2026-02-26 10:01,2026-02-27 04:09,2026-02-27 04:40,Entregue,Não,Sem atraso
DEL00708,CGO00708,2026-03-01 11:34,2026-03-01 15:21,2026-03-01 18:11,Entregue,Não,Sem atraso
DEL00709,CGO00709,2026-02-28 00:04,2026-02-28 23:18,2026-03-01 01:20,Entregue,Sim,Transportadora / cliente
DEL00710,CGO00710,2026-02-26 23:03,2026-02-27 13:51,2026-02-27 17:29,Entregue,Não,Sem atraso
DEL00711,CGO00711,2026-02-26 09:03,2026-02-26 09:59,2026-02-26 11:31,Entregue,Não,Sem atraso
DEL00712,CGO00712,2026-02-26 06:24,2026-02-26 21:13,2026-02-26 21:34,Entregue,Não,Sem atraso
DEL00713,CGO00713,2026-02-28 23:44,2026-03-01 11:57,2026-03-01 13:58,Entregue,Não,Sem atraso
DEL00714,CGO00714,2026-02-26 14:39,2026-02-28 12:35,2026-02-28 13:02,Entregue,Sim,Transportadora / cliente
DEL00715,CGO00715,2026-01-04 19:36,2026-01-05 09:17,2026-01-05 11:11,Entregue,Não,Sem atraso
DEL00716,CGO00716,2026-01-05 02:34,2026-01-06 08:32,2026-01-06 10:18,Entregue,Sim,Transportadora / cliente
DEL00717,CGO00717,2026-01-07 22:38,2026-01-09 18:55,2026-01-09 19:50,Entregue,Sim,Transportadora / cliente
DEL00718,CGO00718,2026-01-06 13:04,2026-01-06 22:18,2026-01-07 01:34,Entregue,Não,Sem atraso
DEL00719,CGO00719,2026-01-04 05:25,2026-01-05 10:25,2026-01-05 14:17,Entregue,Sim,Transportadora / cliente
DEL00720,CGO00720,2026-03-04 00:13,2026-03-04 17:47,2026-03-04 19:08,Entregue,Não,Sem atraso
DEL00721,CGO00721,2026-03-01 04:01,2026-03-03 03:33,2026-03-03 03:54,Entregue,Sim,Transportadora / cliente
DEL00722,CGO00722,2026-03-01 17:56,2026-03-02 00:11,2026-03-02 01:30,Entregue,Não,Sem atraso
DEL00723,CGO00723,2026-03-01 01:08,2026-03-01 18:39,2026-03-01 19:46,Entregue,Não,Sem atraso
DEL00724,CGO00724,2026-03-02 12:08,2026-03-02 22:41,2026-03-03 01:39,Entregue,Não,Sem atraso
DEL00725,CGO00725,2026-03-01 11:57,2026-03-02 19:14,2026-03-02 21:24,Entregue,Sim,Transportadora / cliente
DEL00726,CGO00726,2026-02-12 01:28,2026-02-12 05:00,2026-02-12 08:29,Entregue,Não,Sem atraso
DEL00727,CGO00727,2026-02-10 09:45,2026-02-12 00:48,2026-02-12 01:44,Entregue,Sim,Transportadora / cliente
DEL00728,CGO00728,2026-02-10 10:44,2026-02-10 17:43,2026-02-10 19:02,Entregue,Não,Sem atraso
DEL00729,CGO00729,2026-02-10 06:37,2026-02-11 08:30,2026-02-11 09:09,Entregue,Sim,Transportadora / cliente
DEL00730,CGO00730,2026-02-12 23:00,2026-02-14 10:39,2026-02-14 13:36,Entregue,Sim,Transportadora / cliente
DEL00731,CGO00731,2026-02-10 04:39,2026-02-11 12:58,2026-02-11 15:25,Entregue,Sim,Transportadora / cliente
DEL00732,CGO00732,2026-02-12 01:29,2026-02-13 20:34,2026-02-13 22:41,Entregue,Sim,Transportadora / cliente
DEL00733,CGO00733,2026-02-09 21:20,2026-02-10 20:29,2026-02-10 21:03,Entregue,Não,Sem atraso
DEL00734,CGO00734,2026-02-09 20:33,2026-02-10 15:37,2026-02-10 18:37,Entregue,Não,Sem atraso
DEL00735,CGO00735,2026-02-10 21:45,2026-02-11 07:41,2026-02-11 10:05,Entregue,Não,Sem atraso
DEL00736,CGO00736,2026-02-04 09:40,2026-02-05 20:24,2026-02-05 23:29,Entregue,Sim,Transportadora / cliente
DEL00737,CGO00737,2026-02-07 17:43,2026-02-08 09:01,2026-02-08 09:26,Entregue,Não,Sem atraso
DEL00738,CGO00738,2026-02-04 23:59,2026-02-06 03:32,2026-02-06 06:09,Entregue,Sim,Transportadora / cliente
DEL00739,CGO00739,2026-02-05 01:08,2026-02-05 11:28,2026-02-05 12:54,Entregue,Não,Sem atraso
DEL00740,CGO00740,2026-02-04 17:08,2026-02-05 22:43,2026-02-05 23:35,Entregue,Sim,Transportadora / cliente
DEL00741,CGO00741,2026-02-03 20:10,2026-02-04 19:59,2026-02-04 22:40,Entregue,Sim,Transportadora / cliente
DEL00742,CGO00742,2026-02-15 00:36,2026-02-16 19:38,2026-02-16 22:12,Entregue,Sim,Transportadora / cliente
DEL00743,CGO00743,2026-02-15 12:45,2026-02-17 03:56,2026-02-17 07:41,Entregue,Sim,Transportadora / cliente
DEL00744,CGO00744,2026-02-15 00:08,2026-02-16 17:45,2026-02-16 19:01,Entregue,Sim,Transportadora / cliente
DEL00745,CGO00745,2026-02-14 09:53,2026-02-15 01:23,2026-02-15 03:11,Entregue,Não,Sem atraso
DEL00746,CGO00746,2026-02-14 18:55,2026-02-16 03:22,2026-02-16 05:02,Entregue,Sim,Transportadora / cliente
DEL00747,CGO00747,2026-02-15 07:16,2026-02-16 11:44,2026-02-16 12:44,Entregue,Sim,Transportadora / cliente
DEL00748,CGO00748,2026-03-15 18:05,2026-03-16 09:09,2026-03-16 12:09,Entregue,Não,Sem atraso
DEL00749,CGO00749,2026-03-18 12:16,2026-03-19 14:08,2026-03-19 15:53,Entregue,Sim,Transportadora / cliente
DEL00750,CGO00750,2026-03-14 18:22,2026-03-15 00:52,2026-03-15 03:06,Entregue,Não,Sem atraso
DEL00751,CGO00751,2026-03-14 17:45,2026-03-16 05:23,2026-03-16 08:42,Entregue,Sim,Transportadora / cliente
DEL00752,CGO00752,2026-03-15 21:03,2026-03-17 14:42,2026-03-17 15:20,Entregue,Sim,Transportadora / cliente
DEL00753,CGO00753,2026-03-15 09:20,2026-03-17 04:37,2026-03-17 05:44,Entregue,Sim,Transportadora / cliente
DEL00754,CGO00754,2026-03-16 02:20,2026-03-17 11:35,2026-03-17 15:33,Entregue,Sim,Transportadora / cliente
DEL00755,CGO00755,2026-03-14 18:32,2026-03-16 05:22,2026-03-16 07:40,Entregue,Sim,Transportadora / cliente
DEL00756,CGO00756,2026-03-14 17:37,2026-03-16 03:16,2026-03-16 03:49,Entregue,Sim,Transportadora / cliente
DEL00757,CGO00757,2026-03-15 16:11,2026-03-16 06:34,2026-03-16 09:16,Entregue,Não,Sem atraso
DEL00758,CGO00758,2026-03-12 07:49,2026-03-13 19:03,2026-03-13 20:02,Entregue,Sim,Transportadora / cliente
DEL00759,CGO00759,2026-03-11 00:13,2026-03-12 10:48,2026-03-12 12:49,Entregue,Sim,Transportadora / cliente
DEL00760,CGO00760,2026-03-10 13:56,2026-03-11 22:18,2026-03-12 02:15,Entregue,Sim,Transportadora / cliente
DEL00761,CGO00761,2026-03-10 01:06,2026-03-10 06:57,2026-03-10 07:52,Entregue,Não,Sem atraso
DEL00762,CGO00762,2026-03-10 23:48,2026-03-11 18:43,2026-03-11 20:07,Entregue,Não,Sem atraso
DEL00763,CGO00763,2026-03-10 07:12,2026-03-11 03:47,2026-03-11 06:02,Entregue,Não,Sem atraso
DEL00764,CGO00764,2026-03-11 10:14,2026-03-12 12:23,2026-03-12 14:26,Entregue,Sim,Transportadora / cliente
DEL00765,CGO00765,2026-03-12 08:22,2026-03-13 13:40,2026-03-13 15:13,Entregue,Sim,Transportadora / cliente
DEL00766,CGO00766,2026-03-09 23:46,2026-03-11 19:50,2026-03-11 21:21,Entregue,Sim,Transportadora / cliente
DEL00767,CGO00767,2026-03-10 04:09,2026-03-11 10:10,2026-03-11 13:45,Entregue,Sim,Transportadora / cliente
DEL00768,CGO00768,2026-03-12 22:29,2026-03-13 02:40,2026-03-13 04:24,Entregue,Não,Sem atraso
DEL00769,CGO00769,2026-03-12 19:48,2026-03-14 02:49,2026-03-14 05:27,Entregue,Sim,Transportadora / cliente
DEL00770,CGO00770,2026-01-29 07:32,2026-01-30 14:22,2026-01-30 17:48,Entregue,Sim,Transportadora / cliente
DEL00771,CGO00771,2026-01-31 04:41,2026-01-31 21:44,2026-01-31 23:42,Entregue,Não,Sem atraso
DEL00772,CGO00772,2026-01-29 05:23,2026-01-30 06:41,2026-01-30 09:48,Entregue,Sim,Transportadora / cliente
DEL00773,CGO00773,2026-01-31 07:41,2026-01-31 17:33,2026-01-31 20:32,Entregue,Não,Sem atraso
DEL00774,CGO00774,2026-01-29 19:44,2026-01-30 09:37,2026-01-30 10:25,Entregue,Não,Sem atraso
DEL00775,CGO00775,2026-01-30 11:23,2026-02-01 01:26,2026-02-01 04:34,Entregue,Sim,Transportadora / cliente
DEL00776,CGO00776,2026-01-30 00:46,2026-01-30 10:57,2026-01-30 14:16,Entregue,Não,Sem atraso
DEL00777,CGO00777,2026-01-31 05:13,2026-02-02 04:10,2026-02-02 04:58,Entregue,Sim,Transportadora / cliente
DEL00778,CGO00778,2026-01-30 10:30,2026-01-31 14:30,2026-01-31 17:52,Entregue,Sim,Transportadora / cliente
DEL00779,CGO00779,2026-01-31 18:17,2026-01-31 20:07,2026-01-31 22:44,Entregue,Não,Sem atraso
DEL00780,CGO00780,2026-01-30 10:43,2026-01-31 08:06,2026-01-31 09:04,Entregue,Não,Sem atraso
DEL00781,CGO00781,2026-01-30 15:22,2026-01-31 23:01,2026-02-01 02:38,Entregue,Sim,Transportadora / cliente
DEL00782,CGO00782,2026-01-25 13:55,2026-01-25 18:53,2026-01-25 22:31,Entregue,Não,Sem atraso
DEL00783,CGO00783,2026-01-25 10:42,2026-01-27 01:52,2026-01-27 04:00,Entregue,Sim,Transportadora / cliente
DEL00784,CGO00784,2026-01-27 00:31,2026-01-28 01:30,2026-01-28 02:42,Entregue,Sim,Transportadora / cliente
DEL00785,CGO00785,2026-01-25 15:13,2026-01-26 19:51,2026-01-26 23:38,Entregue,Sim,Transportadora / cliente
DEL00786,CGO00786,2026-01-25 12:03,2026-01-26 22:16,2026-01-26 23:18,Entregue,Sim,Transportadora / cliente
DEL00787,CGO00787,2026-01-31 13:36,2026-02-02 12:05,2026-02-02 12:26,Entregue,Sim,Transportadora / cliente
DEL00788,CGO00788,2026-01-31 08:12,2026-02-02 04:12,2026-02-02 06:32,Entregue,Sim,Transportadora / cliente
DEL00789,CGO00789,2026-01-31 02:27,2026-01-31 13:34,2026-01-31 16:57,Entregue,Não,Sem atraso
DEL00790,CGO00790,2026-02-01 05:46,2026-02-03 03:23,2026-02-03 04:12,Entregue,Sim,Transportadora / cliente
DEL00791,CGO00791,2026-01-31 12:07,2026-02-01 23:24,2026-02-02 02:31,Entregue,Sim,Transportadora / cliente
DEL00792,CGO00792,2026-02-01 10:11,2026-02-01 17:38,2026-02-01 18:10,Entregue,Não,Sem atraso
DEL00793,CGO00793,2026-01-31 08:13,2026-01-31 19:00,2026-01-31 22:13,Entregue,Não,Sem atraso
DEL00794,CGO00794,2026-01-31 03:11,2026-02-01 11:08,2026-02-01 13:28,Entregue,Sim,Transportadora / cliente
DEL00795,CGO00795,2026-02-01 09:47,2026-02-03 06:40,2026-02-03 09:53,Entregue,Sim,Transportadora / cliente
DEL00796,CGO00796,2026-01-31 05:30,2026-02-01 02:38,2026-02-01 06:15,Entregue,Sim,Transportadora / cliente
DEL00797,CGO00797,2026-02-02 21:44,2026-02-03 23:08,2026-02-04 00:28,Entregue,Sim,Transportadora / cliente
DEL00798,CGO00798,2026-01-31 01:44,2026-01-31 09:28,2026-01-31 13:18,Entregue,Não,Sem atraso
DEL00799,CGO00799,2026-01-07 16:15,2026-01-09 05:48,2026-01-09 08:47,Entregue,Sim,Transportadora / cliente
DEL00800,CGO00800,2026-01-08 06:33,2026-01-09 16:28,2026-01-09 18:45,Entregue,Sim,Transportadora / cliente
DEL00801,CGO00801,2026-01-07 19:23,2026-01-09 08:05,2026-01-09 09:50,Entregue,Sim,Transportadora / cliente
DEL00802,CGO00802,2026-01-07 07:15,2026-01-07 09:30,2026-01-07 12:49,Entregue,Não,Sem atraso
DEL00803,CGO00803,2026-01-07 22:13,2026-01-08 15:16,2026-01-08 18:02,Entregue,Não,Sem atraso
DEL00804,CGO00804,2026-04-01 19:56,2026-04-02 18:04,2026-04-02 20:46,Entregue,Sim,Transportadora / cliente
DEL00805,CGO00805,2026-04-02 03:51,2026-04-03 03:44,2026-04-03 04:26,Entregue,Sim,Transportadora / cliente
DEL00806,CGO00806,2026-04-01 09:15,2026-04-03 00:36,2026-04-03 02:34,Entregue,Sim,Transportadora / cliente
DEL00807,CGO00807,2026-04-01 05:23,2026-04-01 19:21,2026-04-01 23:13,Entregue,Não,Sem atraso
DEL00808,CGO00808,2026-04-04 01:50,2026-04-05 09:34,2026-04-05 11:42,Entregue,Sim,Transportadora / cliente
DEL00809,CGO00809,2026-04-01 04:40,2026-04-02 23:23,2026-04-03 00:25,Entregue,Sim,Transportadora / cliente
DEL00810,CGO00810,2026-03-31 17:14,2026-04-02 11:34,2026-04-02 14:46,Entregue,Sim,Transportadora / cliente
DEL00811,CGO00811,2026-01-29 22:55,2026-01-31 12:56,2026-01-31 14:37,Entregue,Sim,Transportadora / cliente
DEL00812,CGO00812,2026-01-31 12:32,2026-02-01 08:04,2026-02-01 11:10,Entregue,Não,Sem atraso
DEL00813,CGO00813,2026-01-31 03:14,2026-02-01 22:56,2026-02-02 00:53,Entregue,Sim,Transportadora / cliente
DEL00814,CGO00814,2026-01-29 22:25,2026-01-31 18:00,2026-01-31 18:34,Entregue,Sim,Transportadora / cliente
DEL00815,CGO00815,2026-01-29 09:46,2026-01-29 13:24,2026-01-29 15:37,Entregue,Não,Sem atraso
DEL00816,CGO00816,2026-01-29 20:56,2026-01-30 22:41,2026-01-30 23:12,Entregue,Sim,Transportadora / cliente
DEL00817,CGO00817,2026-01-29 02:44,2026-01-29 19:09,2026-01-29 22:02,Entregue,Não,Sem atraso
DEL00818,CGO00818,2026-01-29 13:52,2026-01-30 10:11,2026-01-30 10:53,Entregue,Não,Sem atraso
DEL00819,CGO00819,2026-01-28 20:51,2026-01-29 21:39,2026-01-30 01:26,Entregue,Sim,Transportadora / cliente
DEL00820,CGO00820,2026-01-03 23:12,2026-01-04 16:16,2026-01-04 19:50,Entregue,Não,Sem atraso
DEL00821,CGO00821,2026-01-04 08:23,2026-01-05 06:38,2026-01-05 06:58,Entregue,Não,Sem atraso
DEL00822,CGO00822,2026-01-03 10:42,2026-01-04 19:33,2026-01-04 20:47,Entregue,Sim,Transportadora / cliente
DEL00823,CGO00823,2026-01-06 11:00,2026-01-07 11:26,2026-01-07 12:21,Entregue,Sim,Transportadora / cliente
DEL00824,CGO00824,2026-01-03 11:32,2026-01-03 23:05,2026-01-04 01:09,Entregue,Não,Sem atraso
DEL00825,CGO00825,2026-01-03 01:19,2026-01-04 16:24,2026-01-04 18:33,Entregue,Sim,Transportadora / cliente
DEL00826,CGO00826,2026-01-03 17:33,2026-01-05 01:18,2026-01-05 03:56,Entregue,Sim,Transportadora / cliente
DEL00827,CGO00827,2026-04-01 13:44,2026-04-03 09:16,2026-04-03 12:26,Entregue,Sim,Transportadora / cliente
DEL00828,CGO00828,2026-04-03 20:33,2026-04-04 05:13,2026-04-04 06:13,Entregue,Não,Sem atraso
DEL00829,CGO00829,2026-03-31 20:48,2026-03-31 21:49,2026-04-01 01:08,Entregue,Não,Sem atraso
DEL00830,CGO00830,2026-03-31 19:48,2026-04-01 11:43,2026-04-01 12:50,Entregue,Não,Sem atraso
DEL00831,CGO00831,2026-04-01 05:10,2026-04-02 03:41,2026-04-02 06:29,Entregue,Sim,Transportadora / cliente
DEL00832,CGO00832,2026-04-02 06:49,2026-04-03 06:08,2026-04-03 07:06,Entregue,Sim,Transportadora / cliente
DEL00833,CGO00833,2026-04-03 12:38,2026-04-05 10:43,2026-04-05 13:19,Entregue,Sim,Transportadora / cliente
DEL00834,CGO00834,2026-04-04 09:49,2026-04-05 07:16,2026-04-05 10:55,Entregue,Sim,Transportadora / cliente
DEL00835,CGO00835,2026-04-01 02:19,2026-04-01 09:25,2026-04-01 13:25,Entregue,Não,Sem atraso
DEL00836,CGO00836,2026-04-01 09:10,2026-04-01 13:28,2026-04-01 14:17,Entregue,Não,Sem atraso
DEL00837,CGO00837,2026-04-02 02:21,2026-04-02 03:03,2026-04-02 05:57,Entregue,Não,Sem atraso
DEL00838,CGO00838,2026-04-02 08:48,2026-04-03 01:54,2026-04-03 04:12,Entregue,Não,Sem atraso
DEL00839,CGO00839,2026-01-09 22:09,2026-01-10 04:30,2026-01-10 07:57,Entregue,Não,Sem atraso
DEL00840,CGO00840,2026-01-11 22:10,2026-01-12 00:23,2026-01-12 01:53,Entregue,Não,Sem atraso
DEL00841,CGO00841,2026-01-10 00:20,2026-01-10 17:12,2026-01-10 18:18,Entregue,Não,Sem atraso
DEL00842,CGO00842,2026-01-10 12:47,2026-01-11 19:23,2026-01-11 19:47,Entregue,Sim,Transportadora / cliente
DEL00843,CGO00843,2026-01-10 00:05,2026-01-10 09:52,2026-01-10 10:46,Entregue,Não,Sem atraso
DEL00844,CGO00844,2026-01-11 06:49,2026-01-11 13:54,2026-01-11 17:13,Entregue,Não,Sem atraso
DEL00845,CGO00845,2026-01-13 00:13,2026-01-14 09:51,2026-01-14 11:34,Entregue,Sim,Transportadora / cliente
DEL00846,CGO00846,2026-01-10 02:04,2026-01-10 17:03,2026-01-10 20:12,Entregue,Não,Sem atraso
DEL00847,CGO00847,2026-01-10 00:18,2026-01-10 12:56,2026-01-10 16:20,Entregue,Não,Sem atraso
DEL00848,CGO00848,2026-01-11 02:30,2026-01-11 15:01,2026-01-11 16:56,Entregue,Não,Sem atraso
DEL00849,CGO00849,2026-01-10 01:27,2026-01-11 20:31,2026-01-11 23:08,Entregue,Sim,Transportadora / cliente
DEL00850,CGO00850,2026-01-11 08:08,2026-01-12 20:08,2026-01-12 21:36,Entregue,Sim,Transportadora / cliente
DEL00851,CGO00851,2026-01-11 04:58,2026-01-12 12:34,2026-01-12 14:43,Entregue,Sim,Transportadora / cliente
DEL00852,CGO00852,2026-03-07 03:14,2026-03-07 17:58,2026-03-07 19:38,Entregue,Não,Sem atraso
DEL00853,CGO00853,2026-03-09 02:15,2026-03-10 21:33,2026-03-10 23:07,Entregue,Sim,Transportadora / cliente
DEL00854,CGO00854,2026-03-07 17:58,2026-03-08 21:06,2026-03-09 00:14,Entregue,Sim,Transportadora / cliente
DEL00855,CGO00855,2026-03-07 03:22,2026-03-09 03:12,2026-03-09 06:28,Entregue,Sim,Transportadora / cliente
DEL00856,CGO00856,2026-03-07 08:03,2026-03-07 23:03,2026-03-08 02:47,Entregue,Não,Sem atraso
DEL00857,CGO00857,2026-03-08 05:01,2026-03-09 16:19,2026-03-09 16:41,Entregue,Sim,Transportadora / cliente
DEL00858,CGO00858,2026-02-12 07:06,2026-02-13 19:37,2026-02-13 22:22,Entregue,Sim,Transportadora / cliente
DEL00859,CGO00859,2026-02-14 21:21,2026-02-15 12:48,2026-02-15 15:50,Entregue,Não,Sem atraso
DEL00860,CGO00860,2026-02-12 22:18,2026-02-14 01:30,2026-02-14 01:57,Entregue,Sim,Transportadora / cliente
DEL00861,CGO00861,2026-02-12 20:07,2026-02-12 22:26,2026-02-12 23:19,Entregue,Não,Sem atraso
DEL00862,CGO00862,2026-02-12 13:00,2026-02-12 17:58,2026-02-12 19:11,Entregue,Não,Sem atraso
DEL00863,CGO00863,2026-02-12 17:29,2026-02-14 02:35,2026-02-14 05:50,Entregue,Sim,Transportadora / cliente
DEL00864,CGO00864,2026-02-02 21:06,2026-02-04 11:29,2026-02-04 14:54,Entregue,Sim,Transportadora / cliente
DEL00865,CGO00865,2026-02-01 06:23,2026-02-02 01:56,2026-02-02 03:03,Entregue,Não,Sem atraso
DEL00866,CGO00866,2026-01-30 12:52,2026-02-01 08:24,2026-02-01 12:10,Entregue,Sim,Transportadora / cliente
DEL00867,CGO00867,2026-01-30 13:13,2026-01-31 14:49,2026-01-31 17:30,Entregue,Sim,Transportadora / cliente
DEL00868,CGO00868,2026-01-30 21:45,2026-02-01 04:15,2026-02-01 06:25,Entregue,Sim,Transportadora / cliente
DEL00869,CGO00869,2026-01-31 17:47,2026-02-01 16:56,2026-02-01 18:33,Entregue,Sim,Transportadora / cliente
DEL00870,CGO00870,2026-01-31 14:23,2026-02-02 00:03,2026-02-02 03:38,Entregue,Sim,Transportadora / cliente
DEL00871,CGO00871,2026-02-01 03:43,2026-02-01 16:06,2026-02-01 16:50,Entregue,Não,Sem atraso
DEL00872,CGO00872,2026-01-30 12:21,2026-01-31 11:26,2026-01-31 13:34,Entregue,Sim,Transportadora / cliente
DEL00873,CGO00873,2026-01-31 13:39,2026-02-02 08:05,2026-02-02 09:09,Entregue,Sim,Transportadora / cliente
DEL00874,CGO00874,2026-02-01 20:04,2026-02-02 15:12,2026-02-02 15:35,Entregue,Não,Sem atraso
DEL00875,CGO00875,2026-02-13 18:50,2026-02-15 10:51,2026-02-15 12:12,Entregue,Sim,Transportadora / cliente
DEL00876,CGO00876,2026-02-14 11:10,2026-02-15 08:22,2026-02-15 10:48,Entregue,Não,Sem atraso
DEL00877,CGO00877,2026-02-13 03:38,2026-02-14 09:22,2026-02-14 12:13,Entregue,Sim,Transportadora / cliente
DEL00878,CGO00878,2026-02-13 08:37,2026-02-14 05:00,2026-02-14 06:18,Entregue,Não,Sem atraso
DEL00879,CGO00879,2026-02-15 06:51,2026-02-16 20:11,2026-02-16 22:53,Entregue,Sim,Transportadora / cliente
DEL00880,CGO00880,2026-02-16 11:38,2026-02-16 19:22,2026-02-16 20:19,Entregue,Não,Sem atraso
DEL00881,CGO00881,2026-01-27 10:43,2026-01-28 19:29,2026-01-28 22:10,Entregue,Sim,Transportadora / cliente
DEL00882,CGO00882,2026-01-27 05:27,2026-01-27 23:34,2026-01-28 01:30,Entregue,Não,Sem atraso
DEL00883,CGO00883,2026-01-26 21:44,2026-01-28 02:16,2026-01-28 05:47,Entregue,Sim,Transportadora / cliente
DEL00884,CGO00884,2026-01-28 03:43,2026-01-28 13:51,2026-01-28 15:27,Entregue,Não,Sem atraso
DEL00885,CGO00885,2026-01-27 08:05,2026-01-29 02:41,2026-01-29 05:56,Entregue,Sim,Transportadora / cliente
DEL00886,CGO00886,2026-02-06 23:04,2026-02-08 07:46,2026-02-08 08:33,Entregue,Sim,Transportadora / cliente
DEL00887,CGO00887,2026-02-09 09:34,2026-02-09 16:05,2026-02-09 19:45,Entregue,Não,Sem atraso
DEL00888,CGO00888,2026-02-05 13:59,2026-02-06 14:40,2026-02-06 18:35,Entregue,Sim,Transportadora / cliente
DEL00889,CGO00889,2026-02-05 14:50,2026-02-07 06:17,2026-02-07 07:16,Entregue,Sim,Transportadora / cliente
DEL00890,CGO00890,2026-02-05 21:14,2026-02-07 11:06,2026-02-07 13:19,Entregue,Sim,Transportadora / cliente
DEL00891,CGO00891,2026-02-07 23:52,2026-02-09 00:46,2026-02-09 03:01,Entregue,Sim,Transportadora / cliente
DEL00892,CGO00892,2026-02-06 00:16,2026-02-07 06:09,2026-02-07 09:35,Entregue,Sim,Transportadora / cliente
DEL00893,CGO00893,2026-02-06 02:19,2026-02-06 09:02,2026-02-06 12:07,Entregue,Não,Sem atraso
DEL00894,CGO00894,2026-02-05 22:19,2026-02-06 00:26,2026-02-06 01:40,Entregue,Não,Sem atraso
DEL00895,CGO00895,2026-02-07 05:41,2026-02-08 03:41,2026-02-08 05:42,Entregue,Sim,Transportadora / cliente
DEL00896,CGO00896,2026-02-08 01:10,2026-02-08 21:03,2026-02-09 00:19,Entregue,Não,Sem atraso
DEL00897,CGO00897,2026-01-19 23:34,2026-01-20 07:00,2026-01-20 10:41,Entregue,Não,Sem atraso
DEL00898,CGO00898,2026-01-19 22:06,2026-01-20 19:48,2026-01-20 20:26,Entregue,Não,Sem atraso
DEL00899,CGO00899,2026-01-19 04:27,2026-01-19 07:48,2026-01-19 10:27,Entregue,Não,Sem atraso
DEL00900,CGO00900,2026-01-19 04:45,2026-01-19 13:16,2026-01-19 16:59,Entregue,Não,Sem atraso
DEL00901,CGO00901,2026-01-22 05:36,2026-01-23 14:02,2026-01-23 16:35,Entregue,Sim,Transportadora / cliente
DEL00902,CGO00902,2026-01-19 14:33,2026-01-20 02:20,2026-01-20 05:04,Entregue,Não,Sem atraso
DEL00903,CGO00903,2026-01-19 23:21,2026-01-21 10:55,2026-01-21 13:48,Entregue,Sim,Transportadora / cliente
DEL00904,CGO00904,2026-01-19 21:55,2026-01-20 18:45,2026-01-20 19:52,Entregue,Não,Sem atraso
DEL00905,CGO00905,2026-02-21 02:16,2026-02-23 00:41,2026-02-23 01:03,Entregue,Sim,Transportadora / cliente
DEL00906,CGO00906,2026-02-22 08:26,2026-02-23 16:49,2026-02-23 20:43,Entregue,Sim,Transportadora / cliente
DEL00907,CGO00907,2026-02-21 03:46,2026-02-22 22:10,2026-02-23 00:59,Entregue,Sim,Transportadora / cliente
DEL00908,CGO00908,2026-02-20 00:56,2026-02-21 21:50,2026-02-21 23:57,Entregue,Sim,Transportadora / cliente
DEL00909,CGO00909,2026-02-19 12:02,2026-02-19 17:59,2026-02-19 19:06,Entregue,Não,Sem atraso
DEL00910,CGO00910,2026-02-19 06:10,2026-02-20 21:11,2026-02-21 00:27,Entregue,Sim,Transportadora / cliente
DEL00911,CGO00911,2026-02-20 11:07,2026-02-21 06:39,2026-02-21 07:33,Entregue,Não,Sem atraso
DEL00912,CGO00912,2026-02-19 23:40,2026-02-20 17:50,2026-02-20 20:16,Entregue,Não,Sem atraso
DEL00913,CGO00913,2026-02-21 18:31,2026-02-23 18:11,2026-02-23 19:13,Entregue,Sim,Transportadora / cliente
DEL00914,CGO00914,2026-01-26 22:11,2026-01-28 06:22,2026-01-28 06:59,Entregue,Sim,Transportadora / cliente
DEL00915,CGO00915,2026-01-26 06:21,2026-01-26 17:13,2026-01-26 18:48,Entregue,Não,Sem atraso
DEL00916,CGO00916,2026-01-28 08:34,2026-01-29 14:49,2026-01-29 15:35,Entregue,Sim,Transportadora / cliente
DEL00917,CGO00917,2026-01-26 07:43,2026-01-27 19:13,2026-01-27 20:26,Entregue,Sim,Transportadora / cliente
DEL00918,CGO00918,2026-01-27 09:35,2026-01-28 11:40,2026-01-28 14:24,Entregue,Sim,Transportadora / cliente
DEL00919,CGO00919,2026-01-28 01:53,2026-01-30 00:02,2026-01-30 00:22,Entregue,Sim,Transportadora / cliente
DEL00920,CGO00920,2026-01-29 18:32,2026-01-30 05:49,2026-01-30 09:44,Entregue,Não,Sem atraso
DEL00921,CGO00921,2026-01-27 14:11,2026-01-27 20:05,2026-01-27 23:09,Entregue,Não,Sem atraso
DEL00922,CGO00922,2026-01-25 13:05,2026-01-25 16:38,2026-01-25 18:05,Entregue,Não,Sem atraso
DEL00923,CGO00923,2026-01-25 23:15,2026-01-27 01:33,2026-01-27 02:36,Entregue,Sim,Transportadora / cliente
DEL00924,CGO00924,2026-01-25 15:55,2026-01-25 20:34,2026-01-25 21:23,Entregue,Não,Sem atraso
DEL00925,CGO00925,2026-01-26 19:29,2026-01-27 20:57,2026-01-28 00:23,Entregue,Sim,Transportadora / cliente
DEL00926,CGO00926,2026-01-25 23:04,2026-01-27 18:03,2026-01-27 20:51,Entregue,Sim,Transportadora / cliente
DEL00927,CGO00927,2026-01-25 16:08,2026-01-25 21:53,2026-01-26 00:32,Entregue,Não,Sem atraso
DEL00928,CGO00928,2026-01-25 01:41,2026-01-25 06:41,2026-01-25 09:39,Entregue,Não,Sem atraso
DEL00929,CGO00929,2026-01-26 08:56,2026-01-26 13:05,2026-01-26 14:19,Entregue,Não,Sem atraso
DEL00930,CGO00930,2026-01-26 09:28,2026-01-28 02:53,2026-01-28 03:37,Entregue,Sim,Transportadora / cliente
DEL00931,CGO00931,2026-01-27 22:18,2026-01-29 14:21,2026-01-29 16:35,Entregue,Sim,Transportadora / cliente
DEL00932,CGO00932,2026-01-27 05:50,2026-01-27 16:41,2026-01-27 19:24,Entregue,Não,Sem atraso
DEL00933,CGO00933,2026-03-30 06:26,2026-03-31 15:41,2026-03-31 18:32,Entregue,Sim,Transportadora / cliente
DEL00934,CGO00934,2026-03-29 01:28,2026-03-30 11:06,2026-03-30 11:55,Entregue,Sim,Transportadora / cliente
DEL00935,CGO00935,2026-03-30 07:39,2026-03-31 16:36,2026-03-31 17:39,Entregue,Sim,Transportadora / cliente
DEL00936,CGO00936,2026-03-30 09:55,2026-04-01 00:31,2026-04-01 01:52,Entregue,Sim,Transportadora / cliente
DEL00937,CGO00937,2026-03-30 13:46,2026-04-01 05:55,2026-04-01 07:17,Entregue,Sim,Transportadora / cliente
DEL00938,CGO00938,2026-03-29 12:51,2026-03-31 02:14,2026-03-31 04:42,Entregue,Sim,Transportadora / cliente
DEL00939,CGO00939,2026-03-30 05:13,2026-04-01 01:16,2026-04-01 03:56,Entregue,Sim,Transportadora / cliente
DEL00940,CGO00940,2026-04-02 06:17,2026-04-02 14:06,2026-04-02 15:48,Entregue,Não,Sem atraso
DEL00941,CGO00941,2026-03-10 13:57,2026-03-11 05:46,2026-03-11 06:23,Entregue,Não,Sem atraso
DEL00942,CGO00942,2026-03-08 13:48,2026-03-09 13:44,2026-03-09 15:51,Entregue,Sim,Transportadora / cliente
DEL00943,CGO00943,2026-03-07 05:18,2026-03-08 20:19,2026-03-08 21:10,Entregue,Sim,Transportadora / cliente
DEL00944,CGO00944,2026-03-08 00:59,2026-03-08 06:07,2026-03-08 07:20,Entregue,Não,Sem atraso
DEL00945,CGO00945,2026-03-08 13:35,2026-03-09 18:44,2026-03-09 19:06,Entregue,Sim,Transportadora / cliente
DEL00946,CGO00946,2026-03-07 07:38,2026-03-08 19:08,2026-03-08 22:46,Entregue,Sim,Transportadora / cliente
DEL00947,CGO00947,2026-03-09 09:52,2026-03-10 13:53,2026-03-10 16:11,Entregue,Sim,Transportadora / cliente
DEL00948,CGO00948,2026-03-10 06:55,2026-03-11 16:48,2026-03-11 19:05,Entregue,Sim,Transportadora / cliente
DEL00949,CGO00949,2026-03-07 12:38,2026-03-09 09:06,2026-03-09 11:13,Entregue,Sim,Transportadora / cliente
DEL00950,CGO00950,2026-03-09 10:24,2026-03-10 08:24,2026-03-10 10:46,Entregue,Sim,Transportadora / cliente
DEL00951,CGO00951,2026-03-08 03:26,2026-03-09 13:29,2026-03-09 14:35,Entregue,Sim,Transportadora / cliente
DEL00952,CGO00952,2026-03-08 03:37,2026-03-08 08:35,2026-03-08 11:32,Entregue,Não,Sem atraso
DEL00953,CGO00953,2026-03-11 03:34,2026-03-12 14:55,2026-03-12 17:06,Entregue,Sim,Transportadora / cliente
DEL00954,CGO00954,2026-03-14 01:54,2026-03-15 15:58,2026-03-15 17:32,Entregue,Sim,Transportadora / cliente
DEL00955,CGO00955,2026-03-15 07:49,2026-03-15 15:41,2026-03-15 18:52,Entregue,Não,Sem atraso
DEL00956,CGO00956,2026-03-14 06:34,2026-03-14 07:24,2026-03-14 10:17,Entregue,Não,Sem atraso
DEL00957,CGO00957,2026-03-14 22:02,2026-03-16 06:16,2026-03-16 08:47,Entregue,Sim,Transportadora / cliente
DEL00958,CGO00958,2026-03-15 10:11,2026-03-16 00:13,2026-03-16 01:52,Entregue,Não,Sem atraso
DEL00959,CGO00959,2026-03-14 16:30,2026-03-15 15:12,2026-03-15 16:53,Entregue,Sim,Transportadora / cliente
DEL00960,CGO00960,2026-03-14 07:55,2026-03-15 16:55,2026-03-15 19:54,Entregue,Sim,Transportadora / cliente
DEL00961,CGO00961,2026-03-14 04:55,2026-03-16 00:15,2026-03-16 03:54,Entregue,Sim,Transportadora / cliente
DEL00962,CGO00962,2026-03-14 10:00,2026-03-15 13:57,2026-03-15 15:01,Entregue,Sim,Transportadora / cliente
DEL00963,CGO00963,2026-03-14 11:50,2026-03-15 19:52,2026-03-15 22:00,Entregue,Sim,Transportadora / cliente
DEL00964,CGO00964,2026-02-02 16:12,2026-02-03 10:55,2026-02-03 13:40,Entregue,Não,Sem atraso
DEL00965,CGO00965,2026-02-02 15:22,2026-02-04 00:00,2026-02-04 03:53,Entregue,Sim,Transportadora / cliente
DEL00966,CGO00966,2026-02-04 23:36,2026-02-05 14:04,2026-02-05 16:00,Entregue,Não,Sem atraso
DEL00967,CGO00967,2026-02-02 21:35,2026-02-03 07:39,2026-02-03 09:15,Entregue,Não,Sem atraso
DEL00968,CGO00968,2026-02-02 03:37,2026-02-03 02:34,2026-02-03 03:20,Entregue,Não,Sem atraso
DEL00969,CGO00969,2026-02-01 21:18,2026-02-02 09:53,2026-02-02 10:22,Entregue,Não,Sem atraso
DEL00970,CGO00970,2026-01-07 15:31,2026-01-08 03:50,2026-01-08 06:33,Entregue,Não,Sem atraso
DEL00971,CGO00971,2026-01-07 22:36,2026-01-08 11:52,2026-01-08 13:39,Entregue,Não,Sem atraso
DEL00972,CGO00972,2026-01-09 16:11,2026-01-11 07:01,2026-01-11 08:56,Entregue,Sim,Transportadora / cliente
DEL00973,CGO00973,2026-01-08 08:17,2026-01-09 11:49,2026-01-09 15:35,Entregue,Sim,Transportadora / cliente
DEL00974,CGO00974,2026-01-07 03:44,2026-01-07 19:33,2026-01-07 20:17,Entregue,Não,Sem atraso
DEL00975,CGO00975,2026-01-07 13:59,2026-01-09 04:36,2026-01-09 07:09,Entregue,Sim,Transportadora / cliente
DEL00976,CGO00976,2026-03-15 11:24,2026-03-17 09:01,2026-03-17 10:15,Entregue,Sim,Transportadora / cliente
DEL00977,CGO00977,2026-03-13 07:51,2026-03-14 02:16,2026-03-14 04:27,Entregue,Não,Sem atraso
DEL00978,CGO00978,2026-03-14 05:54,2026-03-15 22:56,2026-03-16 02:00,Entregue,Sim,Transportadora / cliente
DEL00979,CGO00979,2026-03-14 10:40,2026-03-16 03:21,2026-03-16 06:20,Entregue,Sim,Transportadora / cliente
DEL00980,CGO00980,2026-03-13 07:12,2026-03-14 08:34,2026-03-14 12:17,Entregue,Sim,Transportadora / cliente
DEL00981,CGO00981,2026-03-13 05:17,2026-03-14 21:10,2026-03-14 23:17,Entregue,Sim,Transportadora / cliente
DEL00982,CGO00982,2026-03-15 19:46,2026-03-17 04:52,2026-03-17 06:50,Entregue,Sim,Transportadora / cliente
DEL00983,CGO00983,2026-03-14 00:40,2026-03-14 10:52,2026-03-14 14:09,Entregue,Não,Sem atraso
DEL00984,CGO00984,2026-03-06 19:49,2026-03-07 11:52,2026-03-07 13:23,Entregue,Não,Sem atraso
DEL00985,CGO00985,2026-03-07 01:11,2026-03-08 05:04,2026-03-08 06:22,Entregue,Sim,Transportadora / cliente
DEL00986,CGO00986,2026-03-09 08:01,2026-03-10 22:18,2026-03-11 00:29,Entregue,Sim,Transportadora / cliente
DEL00987,CGO00987,2026-03-06 03:09,2026-03-06 09:33,2026-03-06 10:01,Entregue,Não,Sem atraso
DEL00988,CGO00988,2026-03-07 07:08,2026-03-08 09:13,2026-03-08 12:33,Entregue,Sim,Transportadora / cliente
DEL00989,CGO00989,2026-03-05 22:05,2026-03-06 12:52,2026-03-06 16:34,Entregue,Não,Sem atraso
DEL00990,CGO00990,2026-03-06 23:23,2026-03-08 03:05,2026-03-08 06:39,Entregue,Sim,Transportadora / cliente
DEL00991,CGO00991,2026-03-07 03:08,2026-03-07 18:58,2026-03-07 20:47,Entregue,Não,Sem atraso
DEL00992,CGO00992,2026-01-19 23:49,2026-01-21 12:36,2026-01-21 14:48,Entregue,Sim,Transportadora / cliente
DEL00993,CGO00993,2026-01-20 08:02,2026-01-21 15:20,2026-01-21 15:40,Entregue,Sim,Transportadora / cliente
DEL00994,CGO00994,2026-01-20 09:28,2026-01-21 09:13,2026-01-21 11:02,Entregue,Sim,Transportadora / cliente
DEL00995,CGO00995,2026-01-19 21:27,2026-01-20 17:39,2026-01-20 18:12,Entregue,Não,Sem atraso
DEL00996,CGO00996,2026-01-19 20:03,2026-01-21 02:25,2026-01-21 03:51,Entregue,Sim,Transportadora / cliente
DEL00997,CGO00997,2026-02-05 19:33,2026-02-06 07:05,2026-02-06 09:42,Entregue,Não,Sem atraso
DEL00998,CGO00998,2026-02-05 14:07,2026-02-06 10:38,2026-02-06 13:00,Entregue,Não,Sem atraso
DEL00999,CGO00999,2026-02-09 05:00,2026-02-09 22:29,2026-02-10 00:47,Entregue,Não,Sem atraso
DEL01000,CGO01000,2026-02-06 11:45,2026-02-07 13:48,2026-02-07 17:06,Entregue,Sim,Transportadora / cliente
DEL01001,CGO01001,2026-02-06 15:35,2026-02-07 15:38,2026-02-07 19:18,Entregue,Sim,Transportadora / cliente
DEL01002,CGO01002,2026-01-06 16:59,2026-01-08 00:21,2026-01-08 01:54,Entregue,Sim,Transportadora / cliente
DEL01003,CGO01003,2026-01-06 08:31,2026-01-07 06:12,2026-01-07 08:29,Entregue,Não,Sem atraso
DEL01004,CGO01004,2026-01-07 13:57,2026-01-08 08:56,2026-01-08 11:03,Entregue,Não,Sem atraso
DEL01005,CGO01005,2026-01-07 14:15,2026-01-08 12:57,2026-01-08 13:37,Entregue,Não,Sem atraso
DEL01006,CGO01006,2026-01-06 22:39,2026-01-07 09:01,2026-01-07 12:39,Entregue,Não,Sem atraso
DEL01007,CGO01007,2026-01-06 18:05,2026-01-07 07:47,2026-01-07 08:15,Entregue,Não,Sem atraso
DEL01008,CGO01008,2026-02-26 19:11,2026-02-28 07:03,2026-02-28 10:27,Entregue,Sim,Transportadora / cliente
DEL01009,CGO01009,2026-02-27 17:59,2026-03-01 01:42,2026-03-01 03:35,Entregue,Sim,Transportadora / cliente
DEL01010,CGO01010,2026-02-27 14:26,2026-03-01 11:39,2026-03-01 13:49,Entregue,Sim,Transportadora / cliente
DEL01011,CGO01011,2026-02-26 05:34,2026-02-26 18:25,2026-02-26 18:52,Entregue,Não,Sem atraso
DEL01012,CGO01012,2026-02-27 06:08,2026-02-28 10:25,2026-02-28 13:57,Entregue,Sim,Transportadora / cliente
DEL01013,CGO01013,2026-02-26 10:32,2026-02-27 15:25,2026-02-27 18:10,Entregue,Sim,Transportadora / cliente
DEL01014,CGO01014,2026-02-27 08:22,2026-02-28 08:44,2026-02-28 12:15,Entregue,Sim,Transportadora / cliente
DEL01015,CGO01015,2026-02-26 06:46,2026-02-26 22:05,2026-02-26 23:43,Entregue,Não,Sem atraso
DEL01016,CGO01016,2026-03-01 08:35,2026-03-02 16:51,2026-03-02 18:22,Entregue,Sim,Transportadora / cliente
DEL01017,CGO01017,2026-02-26 22:25,2026-02-28 12:03,2026-02-28 14:01,Entregue,Sim,Transportadora / cliente
DEL01018,CGO01018,2026-03-25 20:13,2026-03-26 03:02,2026-03-26 05:05,Entregue,Não,Sem atraso
DEL01019,CGO01019,2026-03-25 11:39,2026-03-25 15:22,2026-03-25 18:45,Entregue,Não,Sem atraso
DEL01020,CGO01020,2026-03-25 13:01,2026-03-26 09:36,2026-03-26 11:09,Entregue,Não,Sem atraso
DEL01021,CGO01021,2026-03-24 23:50,2026-03-26 01:44,2026-03-26 02:48,Entregue,Sim,Transportadora / cliente
DEL01022,CGO01022,2026-03-25 05:48,2026-03-26 00:45,2026-03-26 01:13,Entregue,Não,Sem atraso
DEL01023,CGO01023,2026-03-26 04:49,2026-03-27 21:07,2026-03-27 22:31,Entregue,Sim,Transportadora / cliente
DEL01024,CGO01024,2026-03-25 09:44,2026-03-27 03:18,2026-03-27 07:09,Entregue,Sim,Transportadora / cliente
DEL01025,CGO01025,2026-03-25 17:12,2026-03-27 11:12,2026-03-27 12:14,Entregue,Sim,Transportadora / cliente
DEL01026,CGO01026,2026-03-24 23:05,2026-03-26 15:24,2026-03-26 16:05,Entregue,Sim,Transportadora / cliente
DEL01027,CGO01027,2026-03-26 05:07,2026-03-27 22:40,2026-03-28 01:02,Entregue,Sim,Transportadora / cliente
DEL01028,CGO01028,2026-03-26 07:17,2026-03-27 07:47,2026-03-27 08:55,Entregue,Sim,Transportadora / cliente
DEL01029,CGO01029,2026-03-25 11:11,2026-03-27 00:22,2026-03-27 02:58,Entregue,Sim,Transportadora / cliente
DEL01030,CGO01030,2026-03-28 14:36,2026-03-30 00:03,2026-03-30 02:28,Entregue,Sim,Transportadora / cliente
DEL01031,CGO01031,2026-03-02 18:21,2026-03-04 04:22,2026-03-04 07:35,Entregue,Sim,Transportadora / cliente
DEL01032,CGO01032,2026-03-04 10:57,2026-03-06 01:49,2026-03-06 05:43,Entregue,Sim,Transportadora / cliente
DEL01033,CGO01033,2026-03-01 09:54,2026-03-02 15:53,2026-03-02 17:08,Entregue,Sim,Transportadora / cliente
DEL01034,CGO01034,2026-03-01 16:21,2026-03-01 21:12,2026-03-02 00:35,Entregue,Não,Sem atraso
DEL01035,CGO01035,2026-03-05 08:53,2026-03-05 21:41,2026-03-06 01:01,Entregue,Não,Sem atraso
DEL01036,CGO01036,2026-03-03 18:02,2026-03-04 21:49,2026-03-05 01:19,Entregue,Sim,Transportadora / cliente
DEL01037,CGO01037,2026-03-02 14:38,2026-03-04 11:00,2026-03-04 12:04,Entregue,Sim,Transportadora / cliente
DEL01038,CGO01038,2026-03-27 16:51,2026-03-29 16:22,2026-03-29 17:57,Entregue,Sim,Transportadora / cliente
DEL01039,CGO01039,2026-03-27 10:14,2026-03-28 03:39,2026-03-28 04:49,Entregue,Não,Sem atraso
DEL01040,CGO01040,2026-03-29 23:43,2026-03-30 00:42,2026-03-30 02:54,Entregue,Não,Sem atraso
DEL01041,CGO01041,2026-03-28 14:59,2026-03-29 17:34,2026-03-29 20:43,Entregue,Sim,Transportadora / cliente
DEL01042,CGO01042,2026-03-27 15:18,2026-03-28 03:04,2026-03-28 06:48,Entregue,Não,Sem atraso
DEL01043,CGO01043,2026-03-27 12:20,2026-03-29 11:05,2026-03-29 13:57,Entregue,Sim,Transportadora / cliente
DEL01044,CGO01044,2026-03-28 10:16,2026-03-28 23:26,2026-03-29 00:25,Entregue,Não,Sem atraso
DEL01045,CGO01045,2026-03-27 04:34,2026-03-28 19:14,2026-03-28 19:39,Entregue,Sim,Transportadora / cliente
DEL01046,CGO01046,2026-03-28 01:50,2026-03-28 20:24,2026-03-28 23:21,Entregue,Não,Sem atraso
DEL01047,CGO01047,2026-03-28 13:19,2026-03-30 00:58,2026-03-30 03:01,Entregue,Sim,Transportadora / cliente
DEL01048,CGO01048,2026-03-01 18:59,2026-03-02 19:11,2026-03-02 22:14,Entregue,Sim,Transportadora / cliente
DEL01049,CGO01049,2026-02-28 11:15,2026-03-01 05:52,2026-03-01 06:49,Entregue,Não,Sem atraso
DEL01050,CGO01050,2026-02-28 07:15,2026-02-28 11:51,2026-02-28 12:11,Entregue,Não,Sem atraso
DEL01051,CGO01051,2026-02-28 02:29,2026-03-01 22:48,2026-03-02 01:50,Entregue,Sim,Transportadora / cliente
DEL01052,CGO01052,2026-02-28 01:00,2026-03-01 10:54,2026-03-01 11:54,Entregue,Sim,Transportadora / cliente
DEL01053,CGO01053,2026-03-02 01:58,2026-03-03 13:23,2026-03-03 14:48,Entregue,Sim,Transportadora / cliente
DEL01054,CGO01054,2026-02-28 01:56,2026-02-28 18:19,2026-02-28 21:42,Entregue,Não,Sem atraso
DEL01055,CGO01055,2026-03-03 13:42,2026-03-05 09:36,2026-03-05 12:08,Entregue,Sim,Transportadora / cliente
DEL01056,CGO01056,2026-02-27 22:10,2026-03-01 12:15,2026-03-01 16:07,Entregue,Sim,Transportadora / cliente
DEL01057,CGO01057,2026-03-03 19:39,2026-03-04 15:07,2026-03-04 18:02,Entregue,Não,Sem atraso
DEL01058,CGO01058,2026-02-28 16:40,2026-03-02 15:20,2026-03-02 18:09,Entregue,Sim,Transportadora / cliente
DEL01059,CGO01059,2026-03-01 06:02,2026-03-01 10:59,2026-03-01 12:58,Entregue,Não,Sem atraso
DEL01060,CGO01060,2026-02-28 02:00,2026-03-01 03:42,2026-03-01 06:12,Entregue,Sim,Transportadora / cliente
DEL01061,CGO01061,2026-02-28 09:43,2026-03-01 15:49,2026-03-01 17:09,Entregue,Sim,Transportadora / cliente
DEL01062,CGO01062,2026-03-11 17:02,2026-03-12 21:38,2026-03-12 22:20,Entregue,Sim,Transportadora / cliente
DEL01063,CGO01063,2026-03-10 13:48,2026-03-12 10:05,2026-03-12 12:28,Entregue,Sim,Transportadora / cliente
DEL01064,CGO01064,2026-03-11 16:14,2026-03-13 04:31,2026-03-13 07:28,Entregue,Sim,Transportadora / cliente
DEL01065,CGO01065,2026-03-13 10:14,2026-03-15 09:59,2026-03-15 12:49,Entregue,Sim,Transportadora / cliente
DEL01066,CGO01066,2026-03-11 16:46,2026-03-12 20:19,2026-03-12 21:57,Entregue,Sim,Transportadora / cliente
DEL01067,CGO01067,2026-02-18 12:48,2026-02-20 00:01,2026-02-20 01:53,Entregue,Sim,Transportadora / cliente
DEL01068,CGO01068,2026-02-19 20:21,2026-02-20 16:16,2026-02-20 17:31,Entregue,Não,Sem atraso
DEL01069,CGO01069,2026-02-18 20:19,2026-02-20 07:29,2026-02-20 09:55,Entregue,Sim,Transportadora / cliente
DEL01070,CGO01070,2026-02-19 14:26,2026-02-21 05:37,2026-02-21 08:12,Entregue,Sim,Transportadora / cliente
DEL01071,CGO01071,2026-02-20 21:13,2026-02-21 15:11,2026-02-21 18:20,Entregue,Não,Sem atraso
DEL01072,CGO01072,2026-02-18 07:42,2026-02-19 09:09,2026-02-19 10:11,Entregue,Sim,Transportadora / cliente
DEL01073,CGO01073,2026-02-18 11:43,2026-02-19 05:57,2026-02-19 06:27,Entregue,Não,Sem atraso
DEL01074,CGO01074,2026-02-18 19:57,2026-02-20 04:49,2026-02-20 08:41,Entregue,Sim,Transportadora / cliente
DEL01075,CGO01075,2026-02-19 07:00,2026-02-21 04:34,2026-02-21 06:05,Entregue,Sim,Transportadora / cliente
DEL01076,CGO01076,2026-02-18 17:25,2026-02-20 09:23,2026-02-20 11:44,Entregue,Sim,Transportadora / cliente
DEL01077,CGO01077,2026-02-19 13:59,2026-02-20 22:58,2026-02-21 02:19,Entregue,Sim,Transportadora / cliente
DEL01078,CGO01078,2026-01-13 18:24,2026-01-14 07:56,2026-01-14 11:17,Entregue,Não,Sem atraso
DEL01079,CGO01079,2026-01-14 22:37,2026-01-15 17:27,2026-01-15 18:27,Entregue,Não,Sem atraso
DEL01080,CGO01080,2026-01-15 15:21,2026-01-16 15:16,2026-01-16 16:41,Entregue,Sim,Transportadora / cliente
DEL01081,CGO01081,2026-01-12 23:25,2026-01-14 12:22,2026-01-14 16:01,Entregue,Sim,Transportadora / cliente
DEL01082,CGO01082,2026-01-12 14:04,2026-01-13 19:00,2026-01-13 20:20,Entregue,Sim,Transportadora / cliente
DEL01083,CGO01083,2026-01-15 08:38,2026-01-17 00:00,2026-01-17 00:35,Entregue,Sim,Transportadora / cliente
DEL01084,CGO01084,2026-01-13 21:41,2026-01-15 05:10,2026-01-15 06:09,Entregue,Sim,Transportadora / cliente
DEL01085,CGO01085,2026-02-19 05:22,2026-02-19 20:22,2026-02-19 23:31,Entregue,Não,Sem atraso
DEL01086,CGO01086,2026-02-18 11:34,2026-02-19 08:46,2026-02-19 12:03,Entregue,Sim,Transportadora / cliente
DEL01087,CGO01087,2026-02-18 11:01,2026-02-20 06:44,2026-02-20 09:25,Entregue,Sim,Transportadora / cliente
DEL01088,CGO01088,2026-02-16 16:40,2026-02-17 04:39,2026-02-17 08:22,Entregue,Não,Sem atraso
DEL01089,CGO01089,2026-02-17 10:10,2026-02-18 06:28,2026-02-18 06:52,Entregue,Não,Sem atraso
DEL01090,CGO01090,2026-02-19 02:13,2026-02-20 22:58,2026-02-21 02:49,Entregue,Sim,Transportadora / cliente
DEL01091,CGO01091,2026-02-16 03:21,2026-02-17 09:44,2026-02-17 13:15,Entregue,Sim,Transportadora / cliente
DEL01092,CGO01092,2026-02-16 14:05,2026-02-17 19:03,2026-02-17 20:02,Entregue,Sim,Transportadora / cliente
DEL01093,CGO01093,2026-02-16 20:25,2026-02-17 04:12,2026-02-17 06:40,Entregue,Não,Sem atraso
DEL01094,CGO01094,2026-02-20 08:09,2026-02-22 02:45,2026-02-22 06:25,Entregue,Sim,Transportadora / cliente
DEL01095,CGO01095,2026-02-17 00:20,2026-02-18 00:26,2026-02-18 02:13,Entregue,Sim,Transportadora / cliente
DEL01096,CGO01096,2026-02-17 08:49,2026-02-19 06:05,2026-02-19 07:59,Entregue,Sim,Transportadora / cliente
DEL01097,CGO01097,2026-02-16 12:45,2026-02-17 10:25,2026-02-17 13:21,Entregue,Sim,Transportadora / cliente
DEL01098,CGO01098,2026-02-22 17:53,2026-02-24 03:29,2026-02-24 04:14,Entregue,Sim,Transportadora / cliente
DEL01099,CGO01099,2026-02-22 01:14,2026-02-22 14:55,2026-02-22 15:39,Entregue,Não,Sem atraso
DEL01100,CGO01100,2026-02-21 09:51,2026-02-22 06:44,2026-02-22 08:14,Entregue,Não,Sem atraso
DEL01101,CGO01101,2026-02-23 22:04,2026-02-24 11:29,2026-02-24 13:42,Entregue,Não,Sem atraso
DEL01102,CGO01102,2026-02-21 16:04,2026-02-21 17:27,2026-02-21 19:10,Entregue,Não,Sem atraso
DEL01103,CGO01103,2026-02-22 03:56,2026-02-23 20:06,2026-02-23 21:22,Entregue,Sim,Transportadora / cliente
DEL01104,CGO01104,2026-02-21 05:21,2026-02-21 21:49,2026-02-21 23:54,Entregue,Não,Sem atraso
DEL01105,CGO01105,2026-02-22 11:06,2026-02-24 04:23,2026-02-24 04:56,Entregue,Sim,Transportadora / cliente
DEL01106,CGO01106,2026-02-22 04:24,2026-02-22 21:19,2026-02-22 23:11,Entregue,Não,Sem atraso
DEL01107,CGO01107,2026-02-22 14:54,2026-02-22 21:14,2026-02-22 22:59,Entregue,Não,Sem atraso
DEL01108,CGO01108,2026-02-22 11:14,2026-02-24 09:22,2026-02-24 10:43,Entregue,Sim,Transportadora / cliente
DEL01109,CGO01109,2026-02-22 03:58,2026-02-22 10:48,2026-02-22 12:38,Entregue,Não,Sem atraso
DEL01110,CGO01110,2026-02-22 11:22,2026-02-23 00:42,2026-02-23 04:09,Entregue,Não,Sem atraso
DEL01111,CGO01111,2026-02-21 19:02,2026-02-22 13:18,2026-02-22 14:32,Entregue,Não,Sem atraso
