operation_id,cargo_id,physical_receiving_start_datetime,physical_receiving_end_datetime,depositary_system_receiving_datetime,conference_start_datetime,conference_end_datetime,required_storage_area,actual_storage_area,storage_compliance_status
OPE00001,CGO00001,2026-03-23 09:23,2026-03-23 10:44,2026-03-23 11:01,2026-03-23 12:29,2026-03-23 19:10,Armazém geral,Armazém geral,Conforme
OPE00002,CGO00002,2026-03-23 09:53,2026-03-23 10:08,2026-03-23 10:59,2026-03-23 12:02,2026-03-23 14:08,Armazém geral,Armazém geral,Conforme
OPE00003,CGO00003,2026-03-23 09:57,2026-03-23 10:17,2026-03-23 11:16,2026-03-23 11:50,2026-03-23 13:57,Área refrigerada,Área refrigerada,Conforme
OPE00004,CGO00004,2026-03-23 10:08,2026-03-23 10:52,2026-03-23 11:37,2026-03-23 12:53,2026-03-23 15:05,Área DGR,Área DGR,Conforme
OPE00005,CGO00005,2026-03-23 09:38,2026-03-23 10:21,2026-03-23 10:34,2026-03-23 11:10,2026-03-23 13:57,Área refrigerada,Área refrigerada,Conforme
OPE00006,CGO00006,2026-03-23 09:39,2026-03-23 11:09,2026-03-23 11:24,2026-03-23 12:23,2026-03-23 14:31,Área perecível,Área perecível,Conforme
OPE00007,CGO00007,2026-01-16 05:14,2026-01-16 05:37,2026-01-16 06:37,2026-01-16 08:02,2026-01-16 10:41,Armazém geral,Armazém geral,Conforme
OPE00008,CGO00008,2026-01-16 04:40,2026-01-16 04:57,2026-01-16 05:17,2026-01-16 06:34,2026-01-16 11:40,Área de pendência,Área perecível,Não conforme
OPE00009,CGO00009,2026-01-16 05:19,2026-01-16 05:54,2026-01-16 06:44,2026-01-16 07:28,2026-01-16 09:33,Área perecível,Área perecível,Conforme
OPE00010,CGO00010,2026-01-16 04:19,2026-01-16 05:49,2026-01-16 05:57,2026-01-16 06:31,2026-01-16 11:39,Armazém geral,Armazém geral,Conforme
OPE00011,CGO00011,2026-01-16 04:23,2026-01-16 05:04,2026-01-16 05:21,2026-01-16 05:50,2026-01-16 06:55,Área DGR,Área DGR,Conforme
OPE00012,CGO00012,2026-01-16 05:46,2026-01-16 06:26,2026-01-16 06:41,2026-01-16 07:38,2026-01-16 09:02,Armazém geral,Armazém geral,Conforme
OPE00013,CGO00013,2026-01-16 05:43,2026-01-16 07:04,2026-01-16 07:51,2026-01-16 08:58,2026-01-16 10:43,Armazém geral,Armazém geral,Conforme
OPE00014,CGO00014,2026-01-16 05:17,2026-01-16 05:47,2026-01-16 05:55,2026-01-16 07:05,2026-01-16 11:33,Armazém geral,Armazém geral,Conforme
OPE00015,CGO00015,2026-01-16 04:43,2026-01-16 05:43,2026-01-16 05:56,2026-01-16 07:26,2026-01-16 09:53,Área de pendência,Área de pendência,Conforme
OPE00016,CGO00016,2026-01-16 04:26,2026-01-16 05:20,2026-01-16 05:29,2026-01-16 06:05,2026-01-16 07:15,Área de pendência,Área de pendência,Conforme
OPE00017,CGO00017,2026-01-16 04:27,2026-01-16 05:10,2026-01-16 05:22,2026-01-16 05:40,2026-01-16 06:49,Área perecível,Área perecível,Conforme
OPE00018,CGO00018,2026-03-06 23:10,2026-03-07 00:14,2026-03-07 00:54,2026-03-07 01:00,2026-03-07 07:23,Área segura,Área segura,Conforme
OPE00019,CGO00019,2026-03-06 22:51,2026-03-06 23:53,2026-03-07 00:37,2026-03-07 01:01,2026-03-07 02:31,Armazém geral,Armazém geral,Conforme
OPE00020,CGO00020,2026-03-06 23:05,2026-03-06 23:46,2026-03-07 00:08,2026-03-07 00:33,2026-03-07 01:30,Armazém geral,Armazém geral,Conforme
OPE00021,CGO00021,2026-03-06 22:31,2026-03-06 23:23,2026-03-06 23:45,2026-03-06 23:58,2026-03-07 01:39,Armazém geral,Armazém geral,Conforme
OPE00022,CGO00022,2026-03-06 22:02,2026-03-06 23:26,2026-03-06 23:47,2026-03-06 23:56,2026-03-07 02:28,Armazém geral,Armazém geral,Conforme
OPE00023,CGO00023,2026-03-30 06:16,2026-03-30 07:17,2026-03-30 08:06,2026-03-30 08:48,2026-03-30 10:07,Área de avaria,Área de avaria,Conforme
OPE00024,CGO00024,2026-03-30 06:13,2026-03-30 06:59,2026-03-30 07:17,2026-03-30 08:17,2026-03-30 10:09,Área refrigerada,Área refrigerada,Conforme
OPE00025,CGO00025,2026-03-30 06:17,2026-03-30 06:38,2026-03-30 07:35,2026-03-30 08:10,2026-03-30 09:37,Área refrigerada,Área refrigerada,Conforme
OPE00026,CGO00026,2026-03-30 06:38,2026-03-30 07:39,2026-03-30 07:59,2026-03-30 08:22,2026-03-30 08:53,Área perecível,Área perecível,Conforme
OPE00027,CGO00027,2026-03-30 05:50,2026-03-30 06:58,2026-03-30 07:11,2026-03-30 08:15,2026-03-30 11:08,Área de avaria,Área de avaria,Conforme
OPE00028,CGO00028,2026-03-30 06:08,2026-03-30 06:49,2026-03-30 07:47,2026-03-30 09:13,2026-03-30 16:07,Armazém geral,Armazém geral,Conforme
OPE00029,CGO00029,2026-03-30 05:43,2026-03-30 06:46,2026-03-30 07:17,2026-03-30 08:04,2026-03-30 10:20,Armazém geral,Armazém geral,Conforme
OPE00030,CGO00030,2026-03-30 06:23,2026-03-30 07:34,2026-03-30 07:39,2026-03-30 08:29,2026-03-30 10:38,Área de pendência,Área de pendência,Conforme
OPE00031,CGO00031,2026-03-30 06:37,2026-03-30 06:50,2026-03-30 07:19,2026-03-30 08:07,2026-03-30 10:20,Área segura,Área segura,Conforme
OPE00032,CGO00032,2026-03-30 05:45,2026-03-30 06:49,2026-03-30 07:02,2026-03-30 08:06,2026-03-30 09:42,Armazém geral,Armazém geral,Conforme
OPE00033,CGO00033,2026-03-30 05:41,2026-03-30 06:35,2026-03-30 06:54,2026-03-30 08:22,2026-03-30 13:30,Armazém geral,Área DGR,Não conforme
OPE00034,CGO00034,2026-03-30 05:38,2026-03-30 06:27,2026-03-30 07:08,2026-03-30 08:01,2026-03-30 13:59,Área refrigerada,Área refrigerada,Conforme
OPE00035,CGO00035,2026-03-30 05:43,2026-03-30 06:57,2026-03-30 07:43,2026-03-30 08:31,2026-03-30 13:12,Área segura,Área segura,Conforme
OPE00036,CGO00036,2026-03-30 07:08,2026-03-30 08:33,2026-03-30 08:55,2026-03-30 09:41,2026-03-30 10:33,Área de avaria,Área de avaria,Conforme
OPE00037,CGO00037,2026-03-27 19:25,2026-03-27 20:46,2026-03-27 20:51,2026-03-27 22:02,2026-03-27 22:53,Área segura,Área segura,Conforme
OPE00038,CGO00038,2026-03-27 20:18,2026-03-27 20:59,2026-03-27 21:23,2026-03-27 22:52,2026-03-28 03:28,Área refrigerada,Área refrigerada,Conforme
OPE00039,CGO00039,2026-03-27 19:14,2026-03-27 19:51,2026-03-27 20:43,2026-03-27 21:49,2026-03-28 00:49,Armazém geral,Armazém geral,Conforme
OPE00040,CGO00040,2026-03-27 18:55,2026-03-27 19:11,2026-03-27 19:51,2026-03-27 20:33,2026-03-28 02:58,Armazém geral,Área de pendência,Não conforme
OPE00041,CGO00041,2026-03-27 19:04,2026-03-27 19:22,2026-03-27 19:52,2026-03-27 20:59,2026-03-28 01:30,Armazém geral,Armazém geral,Conforme
OPE00042,CGO00042,2026-03-27 19:44,2026-03-27 20:33,2026-03-27 21:14,2026-03-27 22:38,2026-03-28 01:29,Armazém geral,Armazém geral,Conforme
OPE00043,CGO00043,2026-03-27 19:48,2026-03-27 20:07,2026-03-27 20:55,2026-03-27 21:29,2026-03-28 00:29,Armazém geral,Armazém geral,Conforme
OPE00044,CGO00044,2026-03-27 20:06,2026-03-27 21:28,2026-03-27 21:51,2026-03-27 22:52,2026-03-28 03:56,Área refrigerada,Área DGR,Não conforme
OPE00045,CGO00045,2026-03-27 20:03,2026-03-27 21:28,2026-03-27 21:34,2026-03-27 22:13,2026-03-27 23:27,Área refrigerada,Área refrigerada,Conforme
OPE00046,CGO00046,2026-03-27 19:42,2026-03-27 20:34,2026-03-27 20:59,2026-03-27 22:29,2026-03-28 02:59,Área refrigerada,Área refrigerada,Conforme
OPE00047,CGO00047,2026-03-27 19:42,2026-03-27 19:58,2026-03-27 20:15,2026-03-27 21:26,2026-03-28 00:03,Área de avaria,Área de avaria,Conforme
OPE00048,CGO00048,2026-03-27 18:53,2026-03-27 20:23,2026-03-27 21:06,2026-03-27 21:41,2026-03-27 23:30,Área de pendência,Área de pendência,Conforme
OPE00049,CGO00049,2026-03-24 12:10,2026-03-24 12:37,2026-03-24 13:37,2026-03-24 13:50,2026-03-24 16:06,Área perecível,Área perecível,Conforme
OPE00050,CGO00050,2026-03-24 11:24,2026-03-24 12:31,2026-03-24 13:10,2026-03-24 14:16,2026-03-24 17:07,Área de avaria,Área de avaria,Conforme
OPE00051,CGO00051,2026-03-24 12:44,2026-03-24 13:46,2026-03-24 13:53,2026-03-24 14:38,2026-03-24 16:45,Área de pendência,Área de pendência,Conforme
OPE00052,CGO00052,2026-03-24 11:17,2026-03-24 12:23,2026-03-24 12:34,2026-03-24 13:46,2026-03-24 14:19,Área de pendência,Área de pendência,Conforme
OPE00053,CGO00053,2026-03-24 12:28,2026-03-24 12:48,2026-03-24 13:47,2026-03-24 14:34,2026-03-24 17:20,Área perecível,Área perecível,Conforme
OPE00054,CGO00054,2026-03-24 11:41,2026-03-24 12:20,2026-03-24 13:12,2026-03-24 13:28,2026-03-24 14:23,Armazém geral,Armazém geral,Conforme
OPE00055,CGO00055,2026-03-24 11:23,2026-03-24 12:04,2026-03-24 12:42,2026-03-24 13:39,2026-03-24 16:34,Área de pendência,Área de pendência,Conforme
OPE00056,CGO00056,2026-03-24 11:41,2026-03-24 13:00,2026-03-24 13:15,2026-03-24 13:29,2026-03-24 15:27,Armazém geral,Armazém geral,Conforme
OPE00057,CGO00057,2026-03-24 12:06,2026-03-24 12:29,2026-03-24 12:49,2026-03-24 13:42,2026-03-24 16:39,Área perecível,Área perecível,Conforme
OPE00058,CGO00058,2026-03-24 11:41,2026-03-24 12:20,2026-03-24 13:03,2026-03-24 13:53,2026-03-24 15:11,Área refrigerada,Área refrigerada,Conforme
OPE00059,CGO00059,2026-03-24 12:19,2026-03-24 13:15,2026-03-24 14:06,2026-03-24 14:27,2026-03-24 20:29,Área refrigerada,Área refrigerada,Conforme
OPE00060,CGO00060,2026-03-24 11:14,2026-03-24 11:42,2026-03-24 12:35,2026-03-24 13:08,2026-03-24 15:19,Área DGR,Área DGR,Conforme
OPE00061,CGO00061,2026-03-10 11:23,2026-03-10 12:01,2026-03-10 12:47,2026-03-10 13:00,2026-03-10 15:28,Área perecível,Área perecível,Conforme
OPE00062,CGO00062,2026-03-10 11:13,2026-03-10 11:40,2026-03-10 12:09,2026-03-10 13:12,2026-03-10 16:00,Armazém geral,Armazém geral,Conforme
OPE00063,CGO00063,2026-03-10 10:40,2026-03-10 10:54,2026-03-10 11:43,2026-03-10 12:35,2026-03-10 14:58,Armazém geral,Armazém geral,Conforme
OPE00064,CGO00064,2026-03-10 11:03,2026-03-10 11:24,2026-03-10 12:11,2026-03-10 12:43,2026-03-10 13:18,Armazém geral,Armazém geral,Conforme
OPE00065,CGO00065,2026-03-10 10:34,2026-03-10 11:26,2026-03-10 12:20,2026-03-10 12:43,2026-03-10 13:13,Armazém geral,Armazém geral,Conforme
OPE00066,CGO00066,2026-03-10 10:46,2026-03-10 10:58,2026-03-10 11:14,2026-03-10 11:52,2026-03-10 17:17,Área segura,Área refrigerada,Não conforme
OPE00067,CGO00067,2026-02-21 20:56,2026-02-21 21:47,2026-02-21 22:16,2026-02-21 23:37,2026-02-22 02:03,Armazém geral,Armazém geral,Conforme
OPE00068,CGO00068,2026-02-21 20:22,2026-02-21 21:01,2026-02-21 21:32,2026-02-21 22:20,2026-02-22 00:32,Área refrigerada,Área refrigerada,Conforme
OPE00069,CGO00069,2026-02-21 19:36,2026-02-21 20:41,2026-02-21 20:52,2026-02-21 21:44,2026-02-22 00:36,Área DGR,Área DGR,Conforme
OPE00070,CGO00070,2026-02-21 20:01,2026-02-21 21:27,2026-02-21 21:51,2026-02-21 22:41,2026-02-22 02:38,Área de avaria,Área de avaria,Conforme
OPE00071,CGO00071,2026-02-21 19:28,2026-02-21 20:55,2026-02-21 21:42,2026-02-21 22:21,2026-02-22 01:15,Área de pendência,Área de pendência,Conforme
OPE00072,CGO00072,2026-02-21 20:08,2026-02-21 20:38,2026-02-21 21:06,2026-02-21 21:50,2026-02-22 00:45,Armazém geral,Armazém geral,Conforme
OPE00073,CGO00073,2026-02-21 20:27,2026-02-21 21:54,2026-02-21 22:27,2026-02-21 23:25,2026-02-22 02:06,Armazém geral,Armazém geral,Conforme
OPE00074,CGO00074,2026-02-21 20:41,2026-02-21 20:58,2026-02-21 21:03,2026-02-21 21:34,2026-02-21 22:58,Área perecível,Área perecível,Conforme
OPE00075,CGO00075,2026-02-21 19:54,2026-02-21 21:08,2026-02-21 21:48,2026-02-21 23:18,2026-02-22 00:06,Área DGR,Área DGR,Conforme
OPE00076,CGO00076,2026-02-21 20:46,2026-02-21 21:49,2026-02-21 22:12,2026-02-21 22:31,2026-02-22 00:24,Área de avaria,Área de avaria,Conforme
OPE00077,CGO00077,2026-01-12 19:49,2026-01-12 20:43,2026-01-12 21:10,2026-01-12 22:37,2026-01-13 01:46,Área DGR,Área DGR,Conforme
OPE00078,CGO00078,2026-01-12 20:06,2026-01-12 21:36,2026-01-12 22:01,2026-01-12 22:25,2026-01-13 00:55,Armazém geral,Armazém geral,Conforme
OPE00079,CGO00079,2026-01-12 19:34,2026-01-12 19:55,2026-01-12 20:39,2026-01-12 22:00,2026-01-13 04:23,Área perecível,Área refrigerada,Não conforme
OPE00080,CGO00080,2026-01-12 20:21,2026-01-12 21:27,2026-01-12 22:05,2026-01-12 23:16,2026-01-13 03:58,Área de avaria,Área de avaria,Conforme
OPE00081,CGO00081,2026-01-12 20:39,2026-01-12 21:07,2026-01-12 21:34,2026-01-12 22:18,2026-01-13 00:28,Área DGR,Área DGR,Conforme
OPE00082,CGO00082,2026-01-12 20:59,2026-01-12 22:16,2026-01-12 22:26,2026-01-12 23:53,2026-01-13 02:33,Área segura,Área segura,Conforme
OPE00083,CGO00083,2026-03-04 14:13,2026-03-04 15:42,2026-03-04 15:55,2026-03-04 17:16,2026-03-04 18:27,Área de avaria,Área de avaria,Conforme
OPE00084,CGO00084,2026-03-04 13:05,2026-03-04 14:11,2026-03-04 14:55,2026-03-04 15:36,2026-03-04 18:00,Área DGR,Área DGR,Conforme
OPE00085,CGO00085,2026-03-04 13:11,2026-03-04 14:09,2026-03-04 14:46,2026-03-04 15:58,2026-03-04 17:09,Armazém geral,Armazém geral,Conforme
OPE00086,CGO00086,2026-03-04 14:12,2026-03-04 14:42,2026-03-04 15:04,2026-03-04 16:06,2026-03-04 18:50,Área refrigerada,Área refrigerada,Conforme
OPE00087,CGO00087,2026-03-04 13:58,2026-03-04 14:50,2026-03-04 15:45,2026-03-04 16:08,2026-03-04 21:02,Armazém geral,Armazém geral,Conforme
OPE00088,CGO00088,2026-03-04 12:50,2026-03-04 13:06,2026-03-04 13:26,2026-03-04 14:24,2026-03-04 16:51,Área perecível,Área perecível,Conforme
OPE00089,CGO00089,2026-03-08 01:44,2026-03-08 02:58,2026-03-08 03:53,2026-03-08 05:02,2026-03-08 11:15,Área refrigerada,Área refrigerada,Conforme
OPE00090,CGO00090,2026-03-08 01:18,2026-03-08 01:50,2026-03-08 02:48,2026-03-08 03:52,2026-03-08 06:24,Área DGR,Área DGR,Conforme
OPE00091,CGO00091,2026-03-08 01:14,2026-03-08 02:29,2026-03-08 02:59,2026-03-08 04:13,2026-03-08 04:52,Armazém geral,Armazém geral,Conforme
OPE00092,CGO00092,2026-03-08 01:30,2026-03-08 02:31,2026-03-08 03:23,2026-03-08 04:24,2026-03-08 06:32,Área de avaria,Área de avaria,Conforme
OPE00093,CGO00093,2026-03-08 01:12,2026-03-08 02:03,2026-03-08 02:14,2026-03-08 02:29,2026-03-08 09:18,Armazém geral,Armazém geral,Conforme
OPE00094,CGO00094,2026-03-08 00:42,2026-03-08 01:01,2026-03-08 01:48,2026-03-08 03:14,2026-03-08 05:55,Área de pendência,Área de pendência,Conforme
OPE00095,CGO00095,2026-03-08 01:21,2026-03-08 02:20,2026-03-08 03:01,2026-03-08 03:10,2026-03-08 07:40,Área DGR,Área segura,Não conforme
OPE00096,CGO00096,2026-03-08 01:46,2026-03-08 02:11,2026-03-08 02:32,2026-03-08 03:10,2026-03-08 04:34,Armazém geral,Armazém geral,Conforme
OPE00097,CGO00097,2026-03-08 01:31,2026-03-08 01:52,2026-03-08 02:48,2026-03-08 03:33,2026-03-08 04:19,Armazém geral,Armazém geral,Conforme
OPE00098,CGO00098,2026-03-08 01:38,2026-03-08 01:51,2026-03-08 02:19,2026-03-08 03:34,2026-03-08 06:06,Armazém geral,Armazém geral,Conforme
OPE00099,CGO00099,2026-03-08 01:19,2026-03-08 01:45,2026-03-08 02:43,2026-03-08 03:58,2026-03-08 05:14,Área de pendência,Área de pendência,Conforme
OPE00100,CGO00100,2026-03-08 01:03,2026-03-08 01:57,2026-03-08 02:35,2026-03-08 03:16,2026-03-08 09:28,Área de avaria,Área de avaria,Conforme
OPE00101,CGO00101,2026-03-08 00:40,2026-03-08 00:53,2026-03-08 01:03,2026-03-08 01:13,2026-03-08 04:10,Área refrigerada,Área refrigerada,Conforme
OPE00102,CGO00102,2026-03-08 01:36,2026-03-08 02:17,2026-03-08 03:13,2026-03-08 04:09,2026-03-08 04:57,Área de pendência,Área de pendência,Conforme
OPE00103,CGO00103,2026-02-14 02:04,2026-02-14 03:11,2026-02-14 03:31,2026-02-14 03:54,2026-02-14 06:51,Área perecível,Área perecível,Conforme
OPE00104,CGO00104,2026-02-14 02:34,2026-02-14 03:42,2026-02-14 04:02,2026-02-14 04:34,2026-02-14 05:16,Área de avaria,Área de avaria,Conforme
OPE00105,CGO00105,2026-02-14 02:03,2026-02-14 02:59,2026-02-14 03:52,2026-02-14 04:48,2026-02-14 07:00,Armazém geral,Armazém geral,Conforme
OPE00106,CGO00106,2026-02-14 02:49,2026-02-14 04:17,2026-02-14 04:29,2026-02-14 04:50,2026-02-14 07:00,Armazém geral,Armazém geral,Conforme
OPE00107,CGO00107,2026-02-14 02:12,2026-02-14 03:22,2026-02-14 04:00,2026-02-14 05:03,2026-02-14 11:42,Armazém geral,Área segura,Não conforme
OPE00108,CGO00108,2026-02-14 02:23,2026-02-14 03:47,2026-02-14 04:11,2026-02-14 05:36,2026-02-14 11:31,Armazém geral,Armazém geral,Conforme
OPE00109,CGO00109,2026-02-14 02:34,2026-02-14 04:02,2026-02-14 04:37,2026-02-14 04:49,2026-02-14 09:28,Armazém geral,Armazém geral,Conforme
OPE00110,CGO00110,2026-03-11 19:08,2026-03-11 20:20,2026-03-11 20:45,2026-03-11 21:51,2026-03-11 23:31,Área de pendência,Área de pendência,Conforme
OPE00111,CGO00111,2026-03-11 19:11,2026-03-11 19:31,2026-03-11 19:58,2026-03-11 20:59,2026-03-11 23:31,Área de avaria,Área de avaria,Conforme
OPE00112,CGO00112,2026-03-11 17:46,2026-03-11 19:03,2026-03-11 19:22,2026-03-11 20:48,2026-03-11 21:43,Armazém geral,Armazém geral,Conforme
OPE00113,CGO00113,2026-03-11 18:41,2026-03-11 19:16,2026-03-11 20:09,2026-03-11 20:50,2026-03-12 02:59,Armazém geral,Armazém geral,Conforme
OPE00114,CGO00114,2026-03-11 18:17,2026-03-11 18:31,2026-03-11 18:36,2026-03-11 19:19,2026-03-11 20:16,Área segura,Área segura,Conforme
OPE00115,CGO00115,2026-03-11 18:04,2026-03-11 18:28,2026-03-11 18:54,2026-03-11 19:19,2026-03-11 20:54,Área perecível,Área perecível,Conforme
OPE00116,CGO00116,2026-03-11 17:51,2026-03-11 18:52,2026-03-11 19:39,2026-03-11 19:56,2026-03-11 21:01,Armazém geral,Armazém geral,Conforme
OPE00117,CGO00117,2026-03-11 17:41,2026-03-11 18:24,2026-03-11 19:10,2026-03-11 20:01,2026-03-11 20:46,Área segura,Área segura,Conforme
OPE00118,CGO00118,2026-03-11 18:17,2026-03-11 19:14,2026-03-11 19:58,2026-03-11 20:31,2026-03-11 21:35,Área de pendência,Área de pendência,Conforme
OPE00119,CGO00119,2026-03-11 18:07,2026-03-11 18:48,2026-03-11 19:36,2026-03-11 20:57,2026-03-11 21:47,Área DGR,Área DGR,Conforme
OPE00120,CGO00120,2026-03-11 18:01,2026-03-11 18:52,2026-03-11 19:51,2026-03-11 21:02,2026-03-11 22:24,Área de avaria,Área de avaria,Conforme
OPE00121,CGO00121,2026-03-11 18:51,2026-03-11 20:00,2026-03-11 20:48,2026-03-11 21:32,2026-03-11 23:43,Área perecível,Área perecível,Conforme
OPE00122,CGO00122,2026-03-11 17:44,2026-03-11 18:30,2026-03-11 19:01,2026-03-11 19:29,2026-03-12 00:19,Armazém geral,Armazém geral,Conforme
OPE00123,CGO00123,2026-03-11 12:22,2026-03-11 13:41,2026-03-11 14:13,2026-03-11 15:26,2026-03-11 16:54,Área de avaria,Área de avaria,Conforme
OPE00124,CGO00124,2026-03-11 10:52,2026-03-11 11:32,2026-03-11 11:50,2026-03-11 12:03,2026-03-11 15:21,Armazém geral,Armazém geral,Conforme
OPE00125,CGO00125,2026-03-11 11:20,2026-03-11 12:08,2026-03-11 12:22,2026-03-11 13:51,2026-03-11 16:06,Armazém geral,Armazém geral,Conforme
OPE00126,CGO00126,2026-03-11 12:15,2026-03-11 13:13,2026-03-11 14:08,2026-03-11 15:20,2026-03-11 19:02,Área refrigerada,Área refrigerada,Conforme
OPE00127,CGO00127,2026-03-11 12:12,2026-03-11 12:32,2026-03-11 13:05,2026-03-11 13:57,2026-03-11 20:07,Área refrigerada,Área refrigerada,Conforme
OPE00128,CGO00128,2026-03-11 11:21,2026-03-11 12:48,2026-03-11 13:38,2026-03-11 14:09,2026-03-11 15:40,Área de pendência,Área de pendência,Conforme
OPE00129,CGO00129,2026-03-11 11:49,2026-03-11 12:11,2026-03-11 13:07,2026-03-11 14:12,2026-03-11 16:03,Armazém geral,Armazém geral,Conforme
OPE00130,CGO00130,2026-01-19 08:07,2026-01-19 09:00,2026-01-19 09:21,2026-01-19 10:28,2026-01-19 13:03,Área refrigerada,Área refrigerada,Conforme
OPE00131,CGO00131,2026-01-19 07:47,2026-01-19 08:01,2026-01-19 08:59,2026-01-19 09:13,2026-01-19 09:55,Área perecível,Área perecível,Conforme
OPE00132,CGO00132,2026-01-19 07:41,2026-01-19 08:53,2026-01-19 08:59,2026-01-19 09:04,2026-01-19 14:39,Armazém geral,Área de pendência,Não conforme
OPE00133,CGO00133,2026-01-19 07:59,2026-01-19 09:16,2026-01-19 09:37,2026-01-19 10:27,2026-01-19 12:38,Armazém geral,Armazém geral,Conforme
OPE00134,CGO00134,2026-01-19 08:17,2026-01-19 08:31,2026-01-19 08:41,2026-01-19 09:37,2026-01-19 12:28,Armazém geral,Armazém geral,Conforme
OPE00135,CGO00135,2026-01-19 06:52,2026-01-19 08:09,2026-01-19 08:16,2026-01-19 08:50,2026-01-19 11:45,Área de avaria,Área de avaria,Conforme
OPE00136,CGO00136,2026-01-19 06:42,2026-01-19 07:18,2026-01-19 08:00,2026-01-19 08:23,2026-01-19 10:34,Área refrigerada,Área refrigerada,Conforme
OPE00137,CGO00137,2026-01-19 06:57,2026-01-19 07:17,2026-01-19 07:54,2026-01-19 08:43,2026-01-19 11:18,Área DGR,Área DGR,Conforme
OPE00138,CGO00138,2026-01-19 07:11,2026-01-19 07:30,2026-01-19 07:40,2026-01-19 08:19,2026-01-19 09:28,Área refrigerada,Área refrigerada,Conforme
OPE00139,CGO00139,2026-01-19 07:51,2026-01-19 09:06,2026-01-19 09:37,2026-01-19 09:55,2026-01-19 16:05,Armazém geral,Armazém geral,Conforme
OPE00140,CGO00140,2026-02-08 16:37,2026-02-08 18:07,2026-02-08 18:43,2026-02-08 20:04,2026-02-08 22:31,Área perecível,Área perecível,Conforme
OPE00141,CGO00141,2026-02-08 16:28,2026-02-08 17:54,2026-02-08 18:07,2026-02-08 18:50,2026-02-08 20:11,Área de avaria,Área de avaria,Conforme
OPE00142,CGO00142,2026-02-08 15:46,2026-02-08 16:44,2026-02-08 17:06,2026-02-08 18:01,2026-02-08 20:55,Área DGR,Área DGR,Conforme
OPE00143,CGO00143,2026-02-08 16:33,2026-02-08 16:51,2026-02-08 17:48,2026-02-08 18:45,2026-02-08 19:50,Área de pendência,Área de pendência,Conforme
OPE00144,CGO00144,2026-02-08 16:19,2026-02-08 17:20,2026-02-08 17:59,2026-02-08 19:08,2026-02-08 21:25,Área segura,Área segura,Conforme
OPE00145,CGO00145,2026-02-08 16:30,2026-02-08 17:25,2026-02-08 17:40,2026-02-08 19:07,2026-02-08 22:01,Área refrigerada,Área refrigerada,Conforme
OPE00146,CGO00146,2026-02-08 16:11,2026-02-08 17:32,2026-02-08 18:14,2026-02-08 19:32,2026-02-08 21:37,Armazém geral,Armazém geral,Conforme
OPE00147,CGO00147,2026-02-08 15:15,2026-02-08 15:39,2026-02-08 16:37,2026-02-08 17:00,2026-02-08 18:57,Armazém geral,Armazém geral,Conforme
OPE00148,CGO00148,2026-02-08 16:35,2026-02-08 16:59,2026-02-08 17:05,2026-02-08 17:53,2026-02-08 19:05,Armazém geral,Armazém geral,Conforme
OPE00149,CGO00149,2026-01-21 17:35,2026-01-21 18:42,2026-01-21 19:24,2026-01-21 20:23,2026-01-21 21:47,Área refrigerada,Área refrigerada,Conforme
OPE00150,CGO00150,2026-01-21 18:17,2026-01-21 19:07,2026-01-21 19:50,2026-01-21 20:44,2026-01-22 01:10,Armazém geral,Armazém geral,Conforme
OPE00151,CGO00151,2026-01-21 18:15,2026-01-21 19:14,2026-01-21 19:45,2026-01-21 21:06,2026-01-22 00:11,Armazém geral,Armazém geral,Conforme
OPE00152,CGO00152,2026-01-21 18:14,2026-01-21 19:27,2026-01-21 19:58,2026-01-21 21:05,2026-01-21 23:28,Área perecível,Área perecível,Conforme
OPE00153,CGO00153,2026-01-21 18:22,2026-01-21 19:35,2026-01-21 20:15,2026-01-21 21:25,2026-01-22 03:24,Armazém geral,Armazém geral,Conforme
OPE00154,CGO00154,2026-01-21 17:17,2026-01-21 18:39,2026-01-21 19:06,2026-01-21 20:19,2026-01-21 23:58,Área de avaria,Área de pendência,Não conforme
OPE00155,CGO00155,2026-01-21 17:41,2026-01-21 18:41,2026-01-21 19:17,2026-01-21 19:40,2026-01-21 21:18,Armazém geral,Armazém geral,Conforme
OPE00156,CGO00156,2026-02-06 05:40,2026-02-06 06:17,2026-02-06 06:49,2026-02-06 07:21,2026-02-06 09:13,Área refrigerada,Área refrigerada,Conforme
OPE00157,CGO00157,2026-02-06 05:48,2026-02-06 06:00,2026-02-06 06:12,2026-02-06 06:37,2026-02-06 07:07,Área de pendência,Área de pendência,Conforme
OPE00158,CGO00158,2026-02-06 05:25,2026-02-06 05:46,2026-02-06 06:32,2026-02-06 07:23,2026-02-06 09:28,Área de pendência,Área de pendência,Conforme
OPE00159,CGO00159,2026-02-06 05:18,2026-02-06 06:34,2026-02-06 07:22,2026-02-06 08:23,2026-02-06 11:06,Armazém geral,Armazém geral,Conforme
OPE00160,CGO00160,2026-02-06 05:46,2026-02-06 06:40,2026-02-06 07:31,2026-02-06 08:03,2026-02-06 09:11,Armazém geral,Armazém geral,Conforme
OPE00161,CGO00161,2026-02-06 05:39,2026-02-06 06:33,2026-02-06 07:05,2026-02-06 07:50,2026-02-06 09:23,Área de pendência,Área de pendência,Conforme
OPE00162,CGO00162,2026-03-19 15:29,2026-03-19 16:46,2026-03-19 16:51,2026-03-19 17:42,2026-03-19 22:42,Área segura,Armazém geral,Não conforme
OPE00163,CGO00163,2026-03-19 16:24,2026-03-19 17:27,2026-03-19 17:59,2026-03-19 18:55,2026-03-19 22:57,Área de pendência,Área de pendência,Conforme
OPE00164,CGO00164,2026-03-19 15:27,2026-03-19 16:08,2026-03-19 16:18,2026-03-19 17:18,2026-03-19 18:26,Armazém geral,Armazém geral,Conforme
OPE00165,CGO00165,2026-03-19 16:53,2026-03-19 17:18,2026-03-19 18:12,2026-03-19 18:20,2026-03-19 20:39,Armazém geral,Armazém geral,Conforme
OPE00166,CGO00166,2026-03-19 15:40,2026-03-19 16:22,2026-03-19 17:16,2026-03-19 17:34,2026-03-19 19:06,Armazém geral,Armazém geral,Conforme
OPE00167,CGO00167,2026-03-19 16:52,2026-03-19 17:42,2026-03-19 18:04,2026-03-19 18:18,2026-03-19 19:18,Área refrigerada,Área refrigerada,Conforme
OPE00168,CGO00168,2026-03-19 15:59,2026-03-19 16:50,2026-03-19 17:00,2026-03-19 18:15,2026-03-19 20:19,Armazém geral,Armazém geral,Conforme
OPE00169,CGO00169,2026-03-19 16:59,2026-03-19 17:34,2026-03-19 18:25,2026-03-19 19:39,2026-03-19 21:11,Área perecível,Área perecível,Conforme
OPE00170,CGO00170,2026-03-19 16:53,2026-03-19 17:42,2026-03-19 17:53,2026-03-19 18:24,2026-03-19 20:27,Área de avaria,Área de avaria,Conforme
OPE00171,CGO00171,2026-03-31 18:21,2026-03-31 19:01,2026-03-31 19:24,2026-03-31 20:02,2026-03-31 22:12,Armazém geral,Armazém geral,Conforme
OPE00172,CGO00172,2026-03-31 18:18,2026-03-31 18:47,2026-03-31 18:58,2026-03-31 19:24,2026-03-31 21:14,Armazém geral,Armazém geral,Conforme
OPE00173,CGO00173,2026-03-31 19:35,2026-03-31 21:02,2026-03-31 21:09,2026-03-31 21:41,2026-04-01 00:26,Armazém geral,Área segura,Não conforme
OPE00174,CGO00174,2026-03-31 19:15,2026-03-31 19:56,2026-03-31 20:07,2026-03-31 21:11,2026-03-31 23:16,Armazém geral,Armazém geral,Conforme
OPE00175,CGO00175,2026-03-31 18:21,2026-03-31 18:42,2026-03-31 19:41,2026-03-31 20:28,2026-04-01 02:14,Armazém geral,Armazém geral,Conforme
OPE00176,CGO00176,2026-03-31 19:08,2026-03-31 20:10,2026-03-31 20:50,2026-03-31 21:56,2026-04-01 01:45,Armazém geral,Armazém geral,Conforme
OPE00177,CGO00177,2026-03-31 18:08,2026-03-31 18:58,2026-03-31 19:41,2026-03-31 20:14,2026-04-01 00:45,Área de pendência,Área de pendência,Conforme
OPE00178,CGO00178,2026-01-08 15:27,2026-01-08 15:55,2026-01-08 16:36,2026-01-08 17:05,2026-01-08 21:05,Área de avaria,Área de avaria,Conforme
OPE00179,CGO00179,2026-01-08 14:37,2026-01-08 15:28,2026-01-08 15:36,2026-01-08 15:43,2026-01-08 16:49,Área de pendência,Área de pendência,Conforme
OPE00180,CGO00180,2026-01-08 14:56,2026-01-08 15:23,2026-01-08 15:38,2026-01-08 16:38,2026-01-08 19:12,Armazém geral,Armazém geral,Conforme
OPE00181,CGO00181,2026-01-08 15:03,2026-01-08 15:52,2026-01-08 16:43,2026-01-08 17:25,2026-01-08 19:51,Área segura,Área segura,Conforme
OPE00182,CGO00182,2026-01-08 15:45,2026-01-08 16:37,2026-01-08 17:10,2026-01-08 17:16,2026-01-08 18:49,Área de pendência,Área de pendência,Conforme
OPE00183,CGO00183,2026-01-08 15:07,2026-01-08 16:20,2026-01-08 16:49,2026-01-08 17:38,2026-01-08 18:33,Armazém geral,Armazém geral,Conforme
OPE00184,CGO00184,2026-01-08 14:28,2026-01-08 14:47,2026-01-08 15:13,2026-01-08 15:39,2026-01-08 17:35,Armazém geral,Área segura,Não conforme
OPE00185,CGO00185,2026-01-08 14:21,2026-01-08 14:43,2026-01-08 15:09,2026-01-08 15:40,2026-01-08 17:54,Armazém geral,Armazém geral,Conforme
OPE00186,CGO00186,2026-02-06 16:51,2026-02-06 18:02,2026-02-06 18:19,2026-02-06 18:36,2026-02-06 22:36,Armazém geral,Armazém geral,Conforme
OPE00187,CGO00187,2026-02-06 16:08,2026-02-06 17:14,2026-02-06 17:48,2026-02-06 18:26,2026-02-06 20:04,Armazém geral,Armazém geral,Conforme
OPE00188,CGO00188,2026-02-06 16:04,2026-02-06 17:24,2026-02-06 17:32,2026-02-06 18:26,2026-02-06 20:43,Área refrigerada,Área refrigerada,Conforme
OPE00189,CGO00189,2026-02-06 16:39,2026-02-06 18:02,2026-02-06 18:40,2026-02-06 19:58,2026-02-06 21:05,Armazém geral,Armazém geral,Conforme
OPE00190,CGO00190,2026-02-06 15:53,2026-02-06 17:19,2026-02-06 17:40,2026-02-06 18:25,2026-02-07 00:51,Área de avaria,Área de avaria,Conforme
OPE00191,CGO00191,2026-02-06 17:12,2026-02-06 17:34,2026-02-06 17:45,2026-02-06 19:02,2026-02-06 23:41,Área perecível,Área perecível,Conforme
OPE00192,CGO00192,2026-02-06 16:25,2026-02-06 17:17,2026-02-06 18:06,2026-02-06 18:41,2026-02-06 22:36,Armazém geral,Armazém geral,Conforme
OPE00193,CGO00193,2026-02-05 06:20,2026-02-05 06:38,2026-02-05 07:02,2026-02-05 08:11,2026-02-05 10:55,Área segura,Área segura,Conforme
OPE00194,CGO00194,2026-02-05 06:47,2026-02-05 07:56,2026-02-05 08:33,2026-02-05 09:28,2026-02-05 14:08,Área de avaria,Área de avaria,Conforme
OPE00195,CGO00195,2026-02-05 06:20,2026-02-05 07:43,2026-02-05 08:37,2026-02-05 09:09,2026-02-05 10:36,Área DGR,Área DGR,Conforme
OPE00196,CGO00196,2026-02-05 06:01,2026-02-05 06:39,2026-02-05 07:00,2026-02-05 08:22,2026-02-05 10:10,Área perecível,Área perecível,Conforme
OPE00197,CGO00197,2026-02-05 07:19,2026-02-05 08:19,2026-02-05 09:01,2026-02-05 09:19,2026-02-05 15:57,Área perecível,Área perecível,Conforme
OPE00198,CGO00198,2026-02-05 06:30,2026-02-05 06:47,2026-02-05 07:43,2026-02-05 09:04,2026-02-05 10:55,Área DGR,Área DGR,Conforme
OPE00199,CGO00199,2026-02-05 06:24,2026-02-05 07:17,2026-02-05 08:08,2026-02-05 08:41,2026-02-05 11:12,Armazém geral,Armazém geral,Conforme
OPE00200,CGO00200,2026-02-05 07:32,2026-02-05 08:53,2026-02-05 09:46,2026-02-05 10:14,2026-02-05 12:02,Área de avaria,Área DGR,Não conforme
OPE00201,CGO00201,2026-02-05 07:14,2026-02-05 08:38,2026-02-05 09:22,2026-02-05 09:36,2026-02-05 10:55,Armazém geral,Armazém geral,Conforme
OPE00202,CGO00202,2026-02-05 06:52,2026-02-05 08:14,2026-02-05 08:48,2026-02-05 09:11,2026-02-05 10:27,Armazém geral,Armazém geral,Conforme
OPE00203,CGO00203,2026-02-05 07:39,2026-02-05 08:10,2026-02-05 08:51,2026-02-05 09:16,2026-02-05 10:08,Área refrigerada,Área refrigerada,Conforme
OPE00204,CGO00204,2026-01-01 08:49,2026-01-01 09:15,2026-01-01 09:26,2026-01-01 10:20,2026-01-01 12:08,Área DGR,Área DGR,Conforme
OPE00205,CGO00205,2026-01-01 08:27,2026-01-01 09:20,2026-01-01 09:56,2026-01-01 10:46,2026-01-01 11:58,Área refrigerada,Área refrigerada,Conforme
OPE00206,CGO00206,2026-01-01 08:14,2026-01-01 09:12,2026-01-01 09:57,2026-01-01 10:34,2026-01-01 12:24,Armazém geral,Armazém geral,Conforme
OPE00207,CGO00207,2026-01-01 08:11,2026-01-01 08:59,2026-01-01 09:30,2026-01-01 10:59,2026-01-01 15:58,Área perecível,Área perecível,Conforme
OPE00208,CGO00208,2026-01-01 08:55,2026-01-01 09:57,2026-01-01 10:20,2026-01-01 10:45,2026-01-01 11:43,Área refrigerada,Área refrigerada,Conforme
OPE00209,CGO00209,2026-01-01 09:08,2026-01-01 09:55,2026-01-01 10:16,2026-01-01 11:20,2026-01-01 16:05,Armazém geral,Área perecível,Não conforme
OPE00210,CGO00210,2026-01-01 09:01,2026-01-01 10:02,2026-01-01 10:36,2026-01-01 11:15,2026-01-01 13:13,Área de pendência,Área de pendência,Conforme
OPE00211,CGO00211,2026-01-01 09:37,2026-01-01 10:03,2026-01-01 10:38,2026-01-01 11:45,2026-01-01 14:29,Armazém geral,Armazém geral,Conforme
OPE00212,CGO00212,2026-01-01 08:22,2026-01-01 09:27,2026-01-01 10:14,2026-01-01 10:50,2026-01-01 12:58,Área de avaria,Área de avaria,Conforme
OPE00213,CGO00213,2026-01-01 09:13,2026-01-01 09:44,2026-01-01 09:53,2026-01-01 11:00,2026-01-01 12:54,Armazém geral,Armazém geral,Conforme
OPE00214,CGO00214,2026-01-01 09:23,2026-01-01 10:30,2026-01-01 10:40,2026-01-01 11:48,2026-01-01 12:48,Armazém geral,Armazém geral,Conforme
OPE00215,CGO00215,2026-01-01 09:29,2026-01-01 10:17,2026-01-01 10:54,2026-01-01 12:10,2026-01-01 14:36,Área refrigerada,Área refrigerada,Conforme
OPE00216,CGO00216,2026-01-01 08:56,2026-01-01 10:03,2026-01-01 10:15,2026-01-01 10:32,2026-01-01 11:58,Armazém geral,Área refrigerada,Não conforme
OPE00217,CGO00217,2026-03-08 17:52,2026-03-08 19:00,2026-03-08 19:57,2026-03-08 20:26,2026-03-08 21:23,Área refrigerada,Área refrigerada,Conforme
OPE00218,CGO00218,2026-03-08 18:59,2026-03-08 19:15,2026-03-08 19:55,2026-03-08 20:55,2026-03-09 03:11,Área perecível,Área perecível,Conforme
OPE00219,CGO00219,2026-03-08 18:02,2026-03-08 19:09,2026-03-08 20:05,2026-03-08 20:27,2026-03-09 03:32,Área de pendência,Área de pendência,Conforme
OPE00220,CGO00220,2026-03-08 18:36,2026-03-08 19:47,2026-03-08 20:29,2026-03-08 21:47,2026-03-09 00:03,Área perecível,Área perecível,Conforme
OPE00221,CGO00221,2026-03-08 19:01,2026-03-08 19:31,2026-03-08 19:54,2026-03-08 20:31,2026-03-09 00:12,Área perecível,Área de pendência,Não conforme
OPE00222,CGO00222,2026-03-08 18:54,2026-03-08 19:40,2026-03-08 20:29,2026-03-08 21:59,2026-03-09 00:14,Área DGR,Área DGR,Conforme
OPE00223,CGO00223,2026-03-08 17:49,2026-03-08 18:36,2026-03-08 19:09,2026-03-08 19:36,2026-03-08 20:25,Área perecível,Área perecível,Conforme
OPE00224,CGO00224,2026-03-08 17:57,2026-03-08 18:07,2026-03-08 18:33,2026-03-08 19:37,2026-03-08 20:46,Armazém geral,Armazém geral,Conforme
OPE00225,CGO00225,2026-03-08 18:10,2026-03-08 18:29,2026-03-08 19:24,2026-03-08 20:09,2026-03-08 21:26,Área refrigerada,Área refrigerada,Conforme
OPE00226,CGO00226,2026-03-08 18:07,2026-03-08 19:03,2026-03-08 19:26,2026-03-08 19:58,2026-03-08 22:43,Armazém geral,Armazém geral,Conforme
OPE00227,CGO00227,2026-03-08 18:43,2026-03-08 20:12,2026-03-08 20:32,2026-03-08 20:42,2026-03-08 22:34,Armazém geral,Armazém geral,Conforme
OPE00228,CGO00228,2026-02-06 08:18,2026-02-06 08:28,2026-02-06 09:13,2026-02-06 09:26,2026-02-06 11:40,Armazém geral,Área de avaria,Não conforme
OPE00229,CGO00229,2026-02-06 08:02,2026-02-06 09:01,2026-02-06 09:34,2026-02-06 10:59,2026-02-06 12:49,Área refrigerada,Área de avaria,Não conforme
OPE00230,CGO00230,2026-02-06 07:47,2026-02-06 08:35,2026-02-06 09:18,2026-02-06 09:34,2026-02-06 11:56,Armazém geral,Armazém geral,Conforme
OPE00231,CGO00231,2026-02-06 07:47,2026-02-06 08:15,2026-02-06 08:39,2026-02-06 10:06,2026-02-06 10:38,Armazém geral,Armazém geral,Conforme
OPE00232,CGO00232,2026-02-06 08:42,2026-02-06 09:36,2026-02-06 09:54,2026-02-06 10:51,2026-02-06 13:19,Área refrigerada,Área refrigerada,Conforme
OPE00233,CGO00233,2026-03-12 09:04,2026-03-12 09:54,2026-03-12 10:30,2026-03-12 11:32,2026-03-12 13:20,Armazém geral,Armazém geral,Conforme
OPE00234,CGO00234,2026-03-12 09:08,2026-03-12 10:13,2026-03-12 10:35,2026-03-12 11:26,2026-03-12 17:03,Área de pendência,Área de pendência,Conforme
OPE00235,CGO00235,2026-03-12 08:49,2026-03-12 09:08,2026-03-12 09:14,2026-03-12 10:23,2026-03-12 13:21,Área de pendência,Área de pendência,Conforme
OPE00236,CGO00236,2026-03-12 09:26,2026-03-12 10:26,2026-03-12 10:45,2026-03-12 12:05,2026-03-12 13:49,Armazém geral,Armazém geral,Conforme
OPE00237,CGO00237,2026-03-12 08:57,2026-03-12 10:04,2026-03-12 10:19,2026-03-12 10:46,2026-03-12 13:40,Área refrigerada,Área refrigerada,Conforme
OPE00238,CGO00238,2026-03-12 09:09,2026-03-12 09:24,2026-03-12 10:11,2026-03-12 10:42,2026-03-12 12:44,Armazém geral,Armazém geral,Conforme
OPE00239,CGO00239,2026-03-12 10:14,2026-03-12 10:57,2026-03-12 11:39,2026-03-12 12:53,2026-03-12 14:59,Armazém geral,Armazém geral,Conforme
OPE00240,CGO00240,2026-03-12 09:31,2026-03-12 10:26,2026-03-12 11:23,2026-03-12 12:12,2026-03-12 14:45,Área perecível,Área perecível,Conforme
OPE00241,CGO00241,2026-03-12 09:26,2026-03-12 10:53,2026-03-12 11:43,2026-03-12 12:03,2026-03-12 14:19,Área perecível,Área perecível,Conforme
OPE00242,CGO00242,2026-03-12 10:00,2026-03-12 11:15,2026-03-12 11:22,2026-03-12 12:40,2026-03-12 18:01,Área refrigerada,Área refrigerada,Conforme
OPE00243,CGO00243,2026-03-12 08:58,2026-03-12 10:22,2026-03-12 11:19,2026-03-12 11:47,2026-03-12 15:51,Área refrigerada,Área refrigerada,Conforme
OPE00244,CGO00244,2026-03-12 08:44,2026-03-12 10:02,2026-03-12 10:39,2026-03-12 10:59,2026-03-12 17:12,Área DGR,Área DGR,Conforme
OPE00245,CGO00245,2026-03-12 08:50,2026-03-12 09:36,2026-03-12 10:19,2026-03-12 11:33,2026-03-12 12:51,Armazém geral,Área de avaria,Não conforme
OPE00246,CGO00246,2026-03-12 09:26,2026-03-12 09:49,2026-03-12 10:03,2026-03-12 11:02,2026-03-12 12:36,Armazém geral,Armazém geral,Conforme
OPE00247,CGO00247,2026-03-29 19:25,2026-03-29 19:52,2026-03-29 20:51,2026-03-29 22:20,2026-03-30 03:05,Área perecível,Área perecível,Conforme
OPE00248,CGO00248,2026-03-29 20:07,2026-03-29 21:06,2026-03-29 21:36,2026-03-29 22:59,2026-03-30 05:55,Área perecível,Área perecível,Conforme
OPE00249,CGO00249,2026-03-29 18:55,2026-03-29 19:16,2026-03-29 19:38,2026-03-29 20:34,2026-03-29 22:45,Armazém geral,Armazém geral,Conforme
OPE00250,CGO00250,2026-03-29 19:10,2026-03-29 19:48,2026-03-29 20:31,2026-03-29 21:00,2026-03-29 23:13,Área perecível,Área perecível,Conforme
OPE00251,CGO00251,2026-03-29 19:07,2026-03-29 20:25,2026-03-29 21:22,2026-03-29 22:40,2026-03-30 01:03,Área perecível,Área perecível,Conforme
OPE00252,CGO00252,2026-03-29 19:08,2026-03-29 19:26,2026-03-29 19:55,2026-03-29 21:21,2026-03-29 22:47,Área DGR,Área DGR,Conforme
OPE00253,CGO00253,2026-03-29 18:44,2026-03-29 20:04,2026-03-29 20:20,2026-03-29 21:25,2026-03-30 03:28,Armazém geral,Área perecível,Não conforme
OPE00254,CGO00254,2026-03-29 20:14,2026-03-29 20:37,2026-03-29 20:49,2026-03-29 21:04,2026-03-29 23:40,Armazém geral,Armazém geral,Conforme
OPE00255,CGO00255,2026-03-29 19:48,2026-03-29 20:33,2026-03-29 21:09,2026-03-29 21:37,2026-03-30 00:17,Armazém geral,Armazém geral,Conforme
OPE00256,CGO00256,2026-03-29 20:14,2026-03-29 20:46,2026-03-29 21:20,2026-03-29 21:40,2026-03-29 23:47,Área segura,Área segura,Conforme
OPE00257,CGO00257,2026-03-12 15:32,2026-03-12 16:05,2026-03-12 16:46,2026-03-12 17:07,2026-03-12 18:35,Armazém geral,Armazém geral,Conforme
OPE00258,CGO00258,2026-03-12 14:54,2026-03-12 16:04,2026-03-12 17:00,2026-03-12 17:06,2026-03-12 19:43,Área de avaria,Área de avaria,Conforme
OPE00259,CGO00259,2026-03-12 14:41,2026-03-12 15:41,2026-03-12 15:52,2026-03-12 16:17,2026-03-12 18:54,Área segura,Área segura,Conforme
OPE00260,CGO00260,2026-03-12 15:00,2026-03-12 16:23,2026-03-12 17:04,2026-03-12 18:32,2026-03-12 19:46,Armazém geral,Armazém geral,Conforme
OPE00261,CGO00261,2026-03-12 15:11,2026-03-12 16:20,2026-03-12 17:05,2026-03-12 17:28,2026-03-12 19:24,Área segura,Área segura,Conforme
OPE00262,CGO00262,2026-03-12 15:12,2026-03-12 15:56,2026-03-12 16:39,2026-03-12 18:06,2026-03-12 20:29,Armazém geral,Armazém geral,Conforme
OPE00263,CGO00263,2026-03-12 16:10,2026-03-12 16:30,2026-03-12 16:48,2026-03-12 17:14,2026-03-12 19:45,Armazém geral,Área segura,Não conforme
OPE00264,CGO00264,2026-01-11 09:43,2026-01-11 09:57,2026-01-11 10:44,2026-01-11 11:34,2026-01-11 13:27,Armazém geral,Armazém geral,Conforme
OPE00265,CGO00265,2026-01-11 10:02,2026-01-11 11:27,2026-01-11 12:10,2026-01-11 13:13,2026-01-11 16:07,Área perecível,Área perecível,Conforme
OPE00266,CGO00266,2026-01-11 10:13,2026-01-11 10:42,2026-01-11 11:06,2026-01-11 11:12,2026-01-11 17:19,Armazém geral,Área DGR,Não conforme
OPE00267,CGO00267,2026-01-11 10:30,2026-01-11 11:11,2026-01-11 11:26,2026-01-11 12:53,2026-01-11 14:59,Área perecível,Área perecível,Conforme
OPE00268,CGO00268,2026-01-11 10:14,2026-01-11 11:16,2026-01-11 11:33,2026-01-11 11:46,2026-01-11 13:30,Área de avaria,Área de avaria,Conforme
OPE00269,CGO00269,2026-01-11 10:16,2026-01-11 11:00,2026-01-11 11:13,2026-01-11 12:14,2026-01-11 14:31,Área perecível,Área perecível,Conforme
OPE00270,CGO00270,2026-01-11 09:49,2026-01-11 11:08,2026-01-11 11:43,2026-01-11 12:11,2026-01-11 13:45,Armazém geral,Armazém geral,Conforme
OPE00271,CGO00271,2026-01-11 10:05,2026-01-11 11:13,2026-01-11 12:05,2026-01-11 12:22,2026-01-11 13:45,Armazém geral,Armazém geral,Conforme
OPE00272,CGO00272,2026-03-23 06:15,2026-03-23 07:06,2026-03-23 07:11,2026-03-23 07:37,2026-03-23 10:36,Área de avaria,Área de avaria,Conforme
OPE00273,CGO00273,2026-03-23 06:03,2026-03-23 07:33,2026-03-23 07:41,2026-03-23 07:53,2026-03-23 13:23,Área DGR,Área de avaria,Não conforme
OPE00274,CGO00274,2026-03-23 06:29,2026-03-23 07:41,2026-03-23 07:58,2026-03-23 09:15,2026-03-23 11:14,Área de pendência,Área de pendência,Conforme
OPE00275,CGO00275,2026-03-23 05:53,2026-03-23 07:12,2026-03-23 07:40,2026-03-23 08:43,2026-03-23 15:06,Armazém geral,Armazém geral,Conforme
OPE00276,CGO00276,2026-03-23 06:42,2026-03-23 07:33,2026-03-23 07:45,2026-03-23 08:02,2026-03-23 10:32,Área perecível,Área perecível,Conforme
OPE00277,CGO00277,2026-03-23 06:37,2026-03-23 06:56,2026-03-23 07:01,2026-03-23 07:32,2026-03-23 08:22,Área perecível,Área perecível,Conforme
OPE00278,CGO00278,2026-03-23 05:25,2026-03-23 05:44,2026-03-23 06:42,2026-03-23 07:25,2026-03-23 13:11,Área segura,Área segura,Conforme
OPE00279,CGO00279,2026-03-23 06:45,2026-03-23 07:49,2026-03-23 08:00,2026-03-23 08:26,2026-03-23 11:16,Área DGR,Área DGR,Conforme
OPE00280,CGO00280,2026-02-11 00:22,2026-02-11 01:18,2026-02-11 01:51,2026-02-11 02:53,2026-02-11 03:23,Área perecível,Área perecível,Conforme
OPE00281,CGO00281,2026-02-11 01:28,2026-02-11 02:13,2026-02-11 02:53,2026-02-11 04:03,2026-02-11 06:59,Armazém geral,Armazém geral,Conforme
OPE00282,CGO00282,2026-02-11 00:28,2026-02-11 00:49,2026-02-11 01:30,2026-02-11 02:26,2026-02-11 03:51,Armazém geral,Armazém geral,Conforme
OPE00283,CGO00283,2026-02-11 01:03,2026-02-11 02:01,2026-02-11 02:11,2026-02-11 02:23,2026-02-11 07:22,Área de avaria,Área de avaria,Conforme
OPE00284,CGO00284,2026-02-11 01:02,2026-02-11 01:31,2026-02-11 01:56,2026-02-11 03:05,2026-02-11 04:14,Armazém geral,Armazém geral,Conforme
OPE00285,CGO00285,2026-02-11 00:40,2026-02-11 01:08,2026-02-11 01:21,2026-02-11 02:09,2026-02-11 06:53,Área refrigerada,Área refrigerada,Conforme
OPE00286,CGO00286,2026-02-11 01:17,2026-02-11 02:40,2026-02-11 02:50,2026-02-11 03:09,2026-02-11 05:27,Armazém geral,Armazém geral,Conforme
OPE00287,CGO00287,2026-02-11 00:46,2026-02-11 02:15,2026-02-11 02:29,2026-02-11 03:30,2026-02-11 05:26,Área segura,Área segura,Conforme
OPE00288,CGO00288,2026-02-11 00:16,2026-02-11 01:35,2026-02-11 02:13,2026-02-11 02:51,2026-02-11 03:57,Área perecível,Área perecível,Conforme
OPE00289,CGO00289,2026-02-11 00:24,2026-02-11 00:40,2026-02-11 01:14,2026-02-11 02:42,2026-02-11 03:29,Armazém geral,Armazém geral,Conforme
OPE00290,CGO00290,2026-02-11 00:39,2026-02-11 01:18,2026-02-11 01:47,2026-02-11 02:57,2026-02-11 03:52,Área de avaria,Área de avaria,Conforme
OPE00291,CGO00291,2026-02-10 23:55,2026-02-11 00:36,2026-02-11 01:14,2026-02-11 01:58,2026-02-11 04:08,Armazém geral,Armazém geral,Conforme
OPE00292,CGO00292,2026-02-10 23:53,2026-02-11 01:14,2026-02-11 01:36,2026-02-11 02:09,2026-02-11 04:52,Armazém geral,Armazém geral,Conforme
OPE00293,CGO00293,2026-02-11 01:07,2026-02-11 01:59,2026-02-11 02:32,2026-02-11 03:46,2026-02-11 06:20,Armazém geral,Armazém geral,Conforme
OPE00294,CGO00294,2026-02-10 10:45,2026-02-10 11:30,2026-02-10 11:44,2026-02-10 12:13,2026-02-10 18:40,Área de pendência,Área de pendência,Conforme
OPE00295,CGO00295,2026-02-10 09:33,2026-02-10 10:32,2026-02-10 11:08,2026-02-10 12:13,2026-02-10 16:50,Área perecível,Área perecível,Conforme
OPE00296,CGO00296,2026-02-10 10:27,2026-02-10 11:25,2026-02-10 12:16,2026-02-10 13:01,2026-02-10 15:57,Área de avaria,Área de avaria,Conforme
OPE00297,CGO00297,2026-02-10 09:41,2026-02-10 10:57,2026-02-10 11:36,2026-02-10 12:31,2026-02-10 13:11,Área perecível,Área perecível,Conforme
OPE00298,CGO00298,2026-02-10 10:28,2026-02-10 10:44,2026-02-10 11:33,2026-02-10 12:44,2026-02-10 15:12,Área de pendência,Área de pendência,Conforme
OPE00299,CGO00299,2026-03-17 06:41,2026-03-17 07:11,2026-03-17 08:01,2026-03-17 08:21,2026-03-17 13:04,Área perecível,Área perecível,Conforme
OPE00300,CGO00300,2026-03-17 06:47,2026-03-17 07:29,2026-03-17 07:34,2026-03-17 08:37,2026-03-17 14:46,Armazém geral,Armazém geral,Conforme
OPE00301,CGO00301,2026-03-17 06:30,2026-03-17 07:51,2026-03-17 08:48,2026-03-17 09:19,2026-03-17 15:22,Área refrigerada,Área refrigerada,Conforme
OPE00302,CGO00302,2026-03-17 06:08,2026-03-17 07:32,2026-03-17 08:00,2026-03-17 08:09,2026-03-17 14:09,Área refrigerada,Área refrigerada,Conforme
OPE00303,CGO00303,2026-03-17 06:17,2026-03-17 06:38,2026-03-17 07:13,2026-03-17 08:35,2026-03-17 10:18,Área refrigerada,Área refrigerada,Conforme
OPE00304,CGO00304,2026-03-17 06:30,2026-03-17 07:43,2026-03-17 08:19,2026-03-17 08:47,2026-03-17 10:16,Área de pendência,Área de pendência,Conforme
OPE00305,CGO00305,2026-03-17 06:02,2026-03-17 06:17,2026-03-17 06:43,2026-03-17 07:32,2026-03-17 08:56,Área segura,Área perecível,Não conforme
OPE00306,CGO00306,2026-03-17 06:00,2026-03-17 07:22,2026-03-17 08:06,2026-03-17 08:14,2026-03-17 12:30,Armazém geral,Área de pendência,Não conforme
OPE00307,CGO00307,2026-03-17 06:02,2026-03-17 06:19,2026-03-17 07:17,2026-03-17 08:28,2026-03-17 10:18,Área perecível,Área perecível,Conforme
OPE00308,CGO00308,2026-03-17 06:18,2026-03-17 06:49,2026-03-17 07:30,2026-03-17 08:52,2026-03-17 13:03,Armazém geral,Armazém geral,Conforme
OPE00309,CGO00309,2026-03-17 05:14,2026-03-17 05:49,2026-03-17 05:59,2026-03-17 07:00,2026-03-17 09:33,Armazém geral,Armazém geral,Conforme
OPE00310,CGO00310,2026-03-17 06:16,2026-03-17 06:42,2026-03-17 07:00,2026-03-17 07:09,2026-03-17 09:52,Armazém geral,Armazém geral,Conforme
OPE00311,CGO00311,2026-03-01 07:40,2026-03-01 08:24,2026-03-01 08:38,2026-03-01 09:03,2026-03-01 09:36,Armazém geral,Armazém geral,Conforme
OPE00312,CGO00312,2026-03-01 08:01,2026-03-01 09:24,2026-03-01 09:44,2026-03-01 10:10,2026-03-01 12:28,Área perecível,Área perecível,Conforme
OPE00313,CGO00313,2026-03-01 07:50,2026-03-01 09:08,2026-03-01 09:18,2026-03-01 10:22,2026-03-01 11:15,Área refrigerada,Área refrigerada,Conforme
OPE00314,CGO00314,2026-03-01 07:43,2026-03-01 09:11,2026-03-01 09:32,2026-03-01 10:23,2026-03-01 12:17,Área DGR,Área DGR,Conforme
OPE00315,CGO00315,2026-03-01 08:38,2026-03-01 09:04,2026-03-01 09:41,2026-03-01 09:59,2026-03-01 16:17,Armazém geral,Armazém geral,Conforme
OPE00316,CGO00316,2026-03-01 08:53,2026-03-01 10:18,2026-03-01 10:50,2026-03-01 11:50,2026-03-01 13:47,Área de pendência,Área de pendência,Conforme
OPE00317,CGO00317,2026-03-01 08:36,2026-03-01 08:58,2026-03-01 09:55,2026-03-01 10:56,2026-03-01 13:09,Área de avaria,Área de avaria,Conforme
OPE00318,CGO00318,2026-03-01 08:39,2026-03-01 08:49,2026-03-01 09:42,2026-03-01 10:05,2026-03-01 12:30,Armazém geral,Armazém geral,Conforme
OPE00319,CGO00319,2026-03-01 08:51,2026-03-01 09:39,2026-03-01 10:11,2026-03-01 11:00,2026-03-01 13:59,Área DGR,Área segura,Não conforme
OPE00320,CGO00320,2026-03-01 08:10,2026-03-01 08:34,2026-03-01 09:34,2026-03-01 10:15,2026-03-01 11:45,Área de pendência,Área de pendência,Conforme
OPE00321,CGO00321,2026-02-21 19:16,2026-02-21 19:43,2026-02-21 19:48,2026-02-21 20:02,2026-02-22 01:06,Área de avaria,Área de avaria,Conforme
OPE00322,CGO00322,2026-02-21 20:10,2026-02-21 21:17,2026-02-21 21:46,2026-02-21 22:36,2026-02-22 00:54,Área de pendência,Área de pendência,Conforme
OPE00323,CGO00323,2026-02-21 20:30,2026-02-21 21:27,2026-02-21 21:39,2026-02-21 22:58,2026-02-22 04:50,Armazém geral,Área segura,Não conforme
OPE00324,CGO00324,2026-02-21 20:14,2026-02-21 21:03,2026-02-21 21:47,2026-02-21 21:58,2026-02-22 00:44,Área perecível,Área perecível,Conforme
OPE00325,CGO00325,2026-02-21 19:38,2026-02-21 21:00,2026-02-21 21:21,2026-02-21 21:33,2026-02-21 23:17,Armazém geral,Armazém geral,Conforme
OPE00326,CGO00326,2026-02-21 19:35,2026-02-21 20:17,2026-02-21 20:22,2026-02-21 20:41,2026-02-21 21:49,Área perecível,Área perecível,Conforme
OPE00327,CGO00327,2026-02-21 20:36,2026-02-21 21:38,2026-02-21 22:32,2026-02-21 23:26,2026-02-22 05:22,Área segura,Área de avaria,Não conforme
OPE00328,CGO00328,2026-02-21 20:36,2026-02-21 21:54,2026-02-21 22:13,2026-02-21 23:06,2026-02-22 01:15,Área perecível,Área perecível,Conforme
OPE00329,CGO00329,2026-02-10 22:52,2026-02-11 00:16,2026-02-11 00:46,2026-02-11 01:50,2026-02-11 03:21,Área de avaria,Área de avaria,Conforme
OPE00330,CGO00330,2026-02-10 22:21,2026-02-10 23:23,2026-02-10 23:34,2026-02-11 00:46,2026-02-11 02:13,Armazém geral,Armazém geral,Conforme
OPE00331,CGO00331,2026-02-10 23:42,2026-02-11 01:04,2026-02-11 02:00,2026-02-11 02:28,2026-02-11 03:45,Área de avaria,Área de avaria,Conforme
OPE00332,CGO00332,2026-02-10 23:45,2026-02-11 00:36,2026-02-11 00:57,2026-02-11 01:22,2026-02-11 03:02,Área de pendência,Área de pendência,Conforme
OPE00333,CGO00333,2026-02-10 23:10,2026-02-10 23:42,2026-02-11 00:28,2026-02-11 01:35,2026-02-11 08:29,Área de pendência,Área de pendência,Conforme
OPE00334,CGO00334,2026-02-10 23:10,2026-02-11 00:33,2026-02-11 00:38,2026-02-11 01:48,2026-02-11 04:23,Área refrigerada,Área refrigerada,Conforme
OPE00335,CGO00335,2026-02-10 23:21,2026-02-10 23:46,2026-02-11 00:27,2026-02-11 01:40,2026-02-11 03:41,Armazém geral,Armazém geral,Conforme
OPE00336,CGO00336,2026-02-10 23:58,2026-02-11 00:45,2026-02-11 01:31,2026-02-11 02:01,2026-02-11 02:41,Área de avaria,Área de avaria,Conforme
OPE00337,CGO00337,2026-02-10 23:16,2026-02-10 23:50,2026-02-11 00:03,2026-02-11 00:12,2026-02-11 01:43,Área refrigerada,Área refrigerada,Conforme
OPE00338,CGO00338,2026-02-11 00:00,2026-02-11 00:15,2026-02-11 00:45,2026-02-11 01:05,2026-02-11 06:26,Área de pendência,Área de avaria,Não conforme
OPE00339,CGO00339,2026-02-10 22:25,2026-02-10 23:06,2026-02-10 23:55,2026-02-11 01:23,2026-02-11 07:55,Área perecível,Área perecível,Conforme
OPE00340,CGO00340,2026-02-10 23:33,2026-02-11 00:52,2026-02-11 01:05,2026-02-11 01:51,2026-02-11 03:15,Área de avaria,Área de avaria,Conforme
OPE00341,CGO00341,2026-02-10 22:41,2026-02-10 23:47,2026-02-11 00:07,2026-02-11 01:26,2026-02-11 06:49,Armazém geral,Armazém geral,Conforme
OPE00342,CGO00342,2026-02-10 23:38,2026-02-10 23:59,2026-02-11 00:44,2026-02-11 01:27,2026-02-11 01:58,Área refrigerada,Área refrigerada,Conforme
OPE00343,CGO00343,2026-03-11 23:11,2026-03-11 23:47,2026-03-12 00:19,2026-03-12 00:56,2026-03-12 02:11,Área DGR,Área DGR,Conforme
OPE00344,CGO00344,2026-03-12 00:10,2026-03-12 01:01,2026-03-12 01:20,2026-03-12 01:39,2026-03-12 02:34,Área DGR,Área DGR,Conforme
OPE00345,CGO00345,2026-03-11 22:57,2026-03-11 23:56,2026-03-12 00:24,2026-03-12 00:46,2026-03-12 04:14,Área refrigerada,Área refrigerada,Conforme
OPE00346,CGO00346,2026-03-11 23:56,2026-03-12 01:24,2026-03-12 01:39,2026-03-12 02:57,2026-03-12 04:25,Armazém geral,Armazém geral,Conforme
OPE00347,CGO00347,2026-03-12 00:09,2026-03-12 00:50,2026-03-12 01:10,2026-03-12 01:56,2026-03-12 03:22,Área perecível,Área perecível,Conforme
OPE00348,CGO00348,2026-03-12 00:13,2026-03-12 01:27,2026-03-12 01:34,2026-03-12 02:33,2026-03-12 05:05,Armazém geral,Armazém geral,Conforme
OPE00349,CGO00349,2026-03-11 23:02,2026-03-11 23:28,2026-03-11 23:55,2026-03-12 00:37,2026-03-12 01:30,Área refrigerada,Área de avaria,Não conforme
OPE00350,CGO00350,2026-03-11 23:55,2026-03-12 01:04,2026-03-12 01:54,2026-03-12 03:20,2026-03-12 09:54,Armazém geral,Armazém geral,Conforme
OPE00351,CGO00351,2026-01-07 10:17,2026-01-07 11:09,2026-01-07 11:29,2026-01-07 12:43,2026-01-07 16:53,Área refrigerada,Área refrigerada,Conforme
OPE00352,CGO00352,2026-01-07 11:08,2026-01-07 11:55,2026-01-07 12:28,2026-01-07 13:52,2026-01-07 14:38,Área de avaria,Área de avaria,Conforme
OPE00353,CGO00353,2026-01-07 11:29,2026-01-07 11:57,2026-01-07 12:33,2026-01-07 12:57,2026-01-07 15:40,Armazém geral,Armazém geral,Conforme
OPE00354,CGO00354,2026-01-07 11:22,2026-01-07 11:34,2026-01-07 11:57,2026-01-07 12:26,2026-01-07 17:14,Área de pendência,Área de pendência,Conforme
OPE00355,CGO00355,2026-01-07 10:33,2026-01-07 11:12,2026-01-07 11:47,2026-01-07 12:39,2026-01-07 13:21,Armazém geral,Armazém geral,Conforme
OPE00356,CGO00356,2026-01-07 10:19,2026-01-07 10:49,2026-01-07 11:09,2026-01-07 11:28,2026-01-07 16:40,Área DGR,Área DGR,Conforme
OPE00357,CGO00357,2026-01-07 11:09,2026-01-07 12:23,2026-01-07 12:49,2026-01-07 14:16,2026-01-07 16:47,Área de pendência,Área de pendência,Conforme
OPE00358,CGO00358,2026-01-07 10:43,2026-01-07 11:07,2026-01-07 11:58,2026-01-07 13:04,2026-01-07 14:09,Armazém geral,Armazém geral,Conforme
OPE00359,CGO00359,2026-01-07 10:24,2026-01-07 11:48,2026-01-07 12:26,2026-01-07 12:59,2026-01-07 14:40,Armazém geral,Armazém geral,Conforme
OPE00360,CGO00360,2026-01-07 11:17,2026-01-07 12:32,2026-01-07 12:40,2026-01-07 14:10,2026-01-07 15:17,Área de pendência,Área de pendência,Conforme
OPE00361,CGO00361,2026-02-14 18:34,2026-02-14 19:37,2026-02-14 19:50,2026-02-14 21:10,2026-02-14 22:16,Área de avaria,Área de avaria,Conforme
OPE00362,CGO00362,2026-02-14 18:33,2026-02-14 19:05,2026-02-14 19:45,2026-02-14 20:49,2026-02-14 23:59,Área de pendência,Área DGR,Não conforme
OPE00363,CGO00363,2026-02-14 17:40,2026-02-14 18:09,2026-02-14 18:30,2026-02-14 19:13,2026-02-14 21:43,Armazém geral,Armazém geral,Conforme
OPE00364,CGO00364,2026-02-14 18:43,2026-02-14 19:01,2026-02-14 19:44,2026-02-14 20:35,2026-02-14 23:29,Área de pendência,Área de pendência,Conforme
OPE00365,CGO00365,2026-02-14 18:54,2026-02-14 19:11,2026-02-14 19:25,2026-02-14 20:10,2026-02-14 21:14,Armazém geral,Armazém geral,Conforme
OPE00366,CGO00366,2026-02-14 18:45,2026-02-14 19:19,2026-02-14 20:13,2026-02-14 21:38,2026-02-14 22:32,Armazém geral,Armazém geral,Conforme
OPE00367,CGO00367,2026-02-14 17:58,2026-02-14 18:09,2026-02-14 18:22,2026-02-14 19:33,2026-02-14 22:07,Armazém geral,Armazém geral,Conforme
OPE00368,CGO00368,2026-02-14 19:08,2026-02-14 20:25,2026-02-14 21:24,2026-02-14 22:37,2026-02-14 23:36,Área perecível,Área perecível,Conforme
OPE00369,CGO00369,2026-02-14 18:46,2026-02-14 19:39,2026-02-14 19:55,2026-02-14 20:38,2026-02-14 23:25,Área perecível,Área perecível,Conforme
OPE00370,CGO00370,2026-02-14 17:45,2026-02-14 18:03,2026-02-14 18:27,2026-02-14 19:57,2026-02-15 00:24,Área perecível,Área perecível,Conforme
OPE00371,CGO00371,2026-02-14 19:12,2026-02-14 19:34,2026-02-14 19:52,2026-02-14 21:01,2026-02-14 23:32,Área de pendência,Área de pendência,Conforme
OPE00372,CGO00372,2026-02-14 18:45,2026-02-14 19:24,2026-02-14 19:55,2026-02-14 20:14,2026-02-14 22:04,Armazém geral,Armazém geral,Conforme
OPE00373,CGO00373,2026-02-06 23:48,2026-02-07 01:08,2026-02-07 01:39,2026-02-07 02:21,2026-02-07 04:40,Área refrigerada,Área refrigerada,Conforme
OPE00374,CGO00374,2026-02-07 00:26,2026-02-07 00:46,2026-02-07 00:58,2026-02-07 01:21,2026-02-07 02:17,Armazém geral,Armazém geral,Conforme
OPE00375,CGO00375,2026-02-06 23:49,2026-02-07 00:53,2026-02-07 01:44,2026-02-07 02:52,2026-02-07 05:50,Armazém geral,Armazém geral,Conforme
OPE00376,CGO00376,2026-02-07 00:25,2026-02-07 01:10,2026-02-07 01:24,2026-02-07 02:27,2026-02-07 08:53,Armazém geral,Armazém geral,Conforme
OPE00377,CGO00377,2026-02-06 23:32,2026-02-06 23:51,2026-02-07 00:38,2026-02-07 01:49,2026-02-07 04:18,Armazém geral,Armazém geral,Conforme
OPE00378,CGO00378,2026-02-06 23:24,2026-02-07 00:29,2026-02-07 00:41,2026-02-07 01:35,2026-02-07 03:41,Armazém geral,Armazém geral,Conforme
OPE00379,CGO00379,2026-02-07 00:57,2026-02-07 01:21,2026-02-07 02:02,2026-02-07 03:09,2026-02-07 08:33,Área de pendência,Área de pendência,Conforme
OPE00380,CGO00380,2026-02-07 00:04,2026-02-07 01:28,2026-02-07 01:34,2026-02-07 02:59,2026-02-07 07:51,Área segura,Armazém geral,Não conforme
OPE00381,CGO00381,2026-02-07 00:01,2026-02-07 00:15,2026-02-07 00:49,2026-02-07 02:18,2026-02-07 05:46,Área refrigerada,Área refrigerada,Conforme
OPE00382,CGO00382,2026-02-07 00:57,2026-02-07 01:50,2026-02-07 02:05,2026-02-07 03:28,2026-02-07 05:49,Armazém geral,Armazém geral,Conforme
OPE00383,CGO00383,2026-02-07 00:11,2026-02-07 00:49,2026-02-07 01:33,2026-02-07 01:49,2026-02-07 04:47,Armazém geral,Armazém geral,Conforme
OPE00384,CGO00384,2026-01-27 19:02,2026-01-27 20:22,2026-01-27 20:38,2026-01-27 20:45,2026-01-27 23:27,Armazém geral,Armazém geral,Conforme
OPE00385,CGO00385,2026-01-27 18:20,2026-01-27 19:42,2026-01-27 20:33,2026-01-27 21:58,2026-01-28 01:21,Armazém geral,Armazém geral,Conforme
OPE00386,CGO00386,2026-01-27 18:41,2026-01-27 19:21,2026-01-27 19:51,2026-01-27 20:26,2026-01-28 02:30,Armazém geral,Armazém geral,Conforme
OPE00387,CGO00387,2026-01-27 17:27,2026-01-27 17:44,2026-01-27 18:44,2026-01-27 18:59,2026-01-27 20:45,Armazém geral,Armazém geral,Conforme
OPE00388,CGO00388,2026-01-27 17:42,2026-01-27 18:22,2026-01-27 18:34,2026-01-27 19:52,2026-01-27 20:52,Área de pendência,Área de pendência,Conforme
OPE00389,CGO00389,2026-01-27 18:39,2026-01-27 19:38,2026-01-27 20:34,2026-01-27 21:09,2026-01-27 23:48,Armazém geral,Área DGR,Não conforme
OPE00390,CGO00390,2026-01-27 18:52,2026-01-27 19:33,2026-01-27 19:55,2026-01-27 20:18,2026-01-27 22:22,Armazém geral,Armazém geral,Conforme
OPE00391,CGO00391,2026-01-27 17:55,2026-01-27 18:37,2026-01-27 19:17,2026-01-27 20:11,2026-01-27 22:13,Área de avaria,Área de avaria,Conforme
OPE00392,CGO00392,2026-01-27 18:03,2026-01-27 18:24,2026-01-27 19:21,2026-01-27 19:56,2026-01-27 21:07,Armazém geral,Armazém geral,Conforme
OPE00393,CGO00393,2026-01-27 18:25,2026-01-27 19:27,2026-01-27 20:25,2026-01-27 21:12,2026-01-28 00:55,Armazém geral,Armazém geral,Conforme
OPE00394,CGO00394,2026-01-27 18:04,2026-01-27 18:54,2026-01-27 19:35,2026-01-27 19:50,2026-01-28 02:05,Armazém geral,Armazém geral,Conforme
OPE00395,CGO00395,2026-01-27 18:36,2026-01-27 20:04,2026-01-27 20:49,2026-01-27 21:23,2026-01-27 23:51,Área de pendência,Área de pendência,Conforme
OPE00396,CGO00396,2026-01-27 17:46,2026-01-27 19:08,2026-01-27 19:20,2026-01-27 19:26,2026-01-27 21:47,Armazém geral,Armazém geral,Conforme
OPE00397,CGO00397,2026-01-30 06:08,2026-01-30 06:42,2026-01-30 07:13,2026-01-30 07:41,2026-01-30 08:48,Área de avaria,Área refrigerada,Não conforme
OPE00398,CGO00398,2026-01-30 05:16,2026-01-30 06:16,2026-01-30 07:04,2026-01-30 07:36,2026-01-30 09:54,Área refrigerada,Área refrigerada,Conforme
OPE00399,CGO00399,2026-01-30 06:00,2026-01-30 07:26,2026-01-30 08:16,2026-01-30 08:26,2026-01-30 11:19,Área de pendência,Área de pendência,Conforme
OPE00400,CGO00400,2026-01-30 05:30,2026-01-30 05:58,2026-01-30 06:19,2026-01-30 06:38,2026-01-30 07:40,Área de avaria,Área de avaria,Conforme
OPE00401,CGO00401,2026-01-30 05:08,2026-01-30 06:24,2026-01-30 06:49,2026-01-30 07:49,2026-01-30 09:39,Armazém geral,Armazém geral,Conforme
OPE00402,CGO00402,2026-01-30 04:55,2026-01-30 06:04,2026-01-30 06:36,2026-01-30 06:55,2026-01-30 11:41,Área refrigerada,Área refrigerada,Conforme
OPE00403,CGO00403,2026-01-30 05:47,2026-01-30 07:11,2026-01-30 07:29,2026-01-30 08:48,2026-01-30 14:28,Armazém geral,Armazém geral,Conforme
OPE00404,CGO00404,2026-01-30 04:48,2026-01-30 05:39,2026-01-30 05:53,2026-01-30 06:01,2026-01-30 12:57,Armazém geral,Armazém geral,Conforme
OPE00405,CGO00405,2026-01-30 04:42,2026-01-30 05:01,2026-01-30 05:41,2026-01-30 07:03,2026-01-30 09:15,Armazém geral,Armazém geral,Conforme
OPE00406,CGO00406,2026-01-30 05:11,2026-01-30 05:40,2026-01-30 05:52,2026-01-30 06:35,2026-01-30 08:55,Armazém geral,Armazém geral,Conforme
OPE00407,CGO00407,2026-01-30 05:37,2026-01-30 06:44,2026-01-30 07:13,2026-01-30 08:18,2026-01-30 10:36,Armazém geral,Armazém geral,Conforme
OPE00408,CGO00408,2026-03-22 20:02,2026-03-22 21:11,2026-03-22 21:43,2026-03-22 21:58,2026-03-23 00:30,Área de pendência,Área de pendência,Conforme
OPE00409,CGO00409,2026-03-22 19:30,2026-03-22 20:45,2026-03-22 20:56,2026-03-22 22:06,2026-03-22 23:00,Área perecível,Área perecível,Conforme
OPE00410,CGO00410,2026-03-22 19:47,2026-03-22 20:20,2026-03-22 21:18,2026-03-22 22:13,2026-03-23 03:28,Área segura,Área segura,Conforme
OPE00411,CGO00411,2026-03-22 20:23,2026-03-22 21:24,2026-03-22 22:24,2026-03-22 23:53,2026-03-23 04:09,Armazém geral,Área de pendência,Não conforme
OPE00412,CGO00412,2026-03-22 19:28,2026-03-22 20:04,2026-03-22 20:39,2026-03-22 22:07,2026-03-22 23:38,Armazém geral,Armazém geral,Conforme
OPE00413,CGO00413,2026-03-22 19:39,2026-03-22 20:10,2026-03-22 20:24,2026-03-22 21:25,2026-03-22 23:55,Armazém geral,Área DGR,Não conforme
OPE00414,CGO00414,2026-03-22 20:20,2026-03-22 21:23,2026-03-22 22:22,2026-03-22 23:30,2026-03-23 02:21,Armazém geral,Armazém geral,Conforme
OPE00415,CGO00415,2026-03-22 20:05,2026-03-22 21:25,2026-03-22 21:34,2026-03-22 22:13,2026-03-23 03:45,Área DGR,Armazém geral,Não conforme
OPE00416,CGO00416,2026-03-06 14:35,2026-03-06 16:04,2026-03-06 16:22,2026-03-06 17:03,2026-03-06 17:55,Área de pendência,Área de pendência,Conforme
OPE00417,CGO00417,2026-03-06 14:45,2026-03-06 15:21,2026-03-06 16:01,2026-03-06 16:12,2026-03-06 18:13,Armazém geral,Armazém geral,Conforme
OPE00418,CGO00418,2026-03-06 14:43,2026-03-06 15:55,2026-03-06 16:16,2026-03-06 17:04,2026-03-06 20:46,Armazém geral,Armazém geral,Conforme
OPE00419,CGO00419,2026-03-06 14:28,2026-03-06 15:49,2026-03-06 15:56,2026-03-06 17:05,2026-03-06 22:00,Área de pendência,Área de pendência,Conforme
OPE00420,CGO00420,2026-03-06 14:58,2026-03-06 15:44,2026-03-06 16:21,2026-03-06 16:47,2026-03-06 21:52,Armazém geral,Armazém geral,Conforme
OPE00421,CGO00421,2026-03-06 14:22,2026-03-06 15:22,2026-03-06 16:15,2026-03-06 16:24,2026-03-06 22:40,Área DGR,Área DGR,Conforme
OPE00422,CGO00422,2026-03-06 14:33,2026-03-06 15:34,2026-03-06 16:07,2026-03-06 17:34,2026-03-06 20:23,Armazém geral,Armazém geral,Conforme
OPE00423,CGO00423,2026-03-06 15:47,2026-03-06 16:13,2026-03-06 16:51,2026-03-06 18:05,2026-03-06 22:05,Armazém geral,Armazém geral,Conforme
OPE00424,CGO00424,2026-03-06 15:19,2026-03-06 16:14,2026-03-06 16:26,2026-03-06 16:37,2026-03-06 22:55,Área DGR,Área DGR,Conforme
OPE00425,CGO00425,2026-03-11 02:21,2026-03-11 03:29,2026-03-11 03:40,2026-03-11 04:03,2026-03-11 06:18,Armazém geral,Armazém geral,Conforme
OPE00426,CGO00426,2026-03-11 02:46,2026-03-11 04:02,2026-03-11 04:56,2026-03-11 05:51,2026-03-11 08:50,Armazém geral,Armazém geral,Conforme
OPE00427,CGO00427,2026-03-11 02:33,2026-03-11 02:59,2026-03-11 03:49,2026-03-11 04:59,2026-03-11 10:13,Área DGR,Armazém geral,Não conforme
OPE00428,CGO00428,2026-03-11 02:22,2026-03-11 03:10,2026-03-11 03:33,2026-03-11 04:40,2026-03-11 08:16,Armazém geral,Armazém geral,Conforme
OPE00429,CGO00429,2026-03-11 03:07,2026-03-11 04:34,2026-03-11 04:47,2026-03-11 05:09,2026-03-11 07:36,Área refrigerada,Área refrigerada,Conforme
OPE00430,CGO00430,2026-03-11 02:18,2026-03-11 03:37,2026-03-11 03:44,2026-03-11 05:14,2026-03-11 06:55,Área refrigerada,Área refrigerada,Conforme
OPE00431,CGO00431,2026-03-11 02:48,2026-03-11 03:04,2026-03-11 03:45,2026-03-11 04:56,2026-03-11 07:42,Área refrigerada,Área refrigerada,Conforme
OPE00432,CGO00432,2026-03-11 01:40,2026-03-11 02:52,2026-03-11 03:52,2026-03-11 03:59,2026-03-11 05:15,Armazém geral,Armazém geral,Conforme
OPE00433,CGO00433,2026-03-11 01:58,2026-03-11 02:40,2026-03-11 03:34,2026-03-11 03:50,2026-03-11 06:04,Armazém geral,Armazém geral,Conforme
OPE00434,CGO00434,2026-03-11 02:27,2026-03-11 03:18,2026-03-11 03:39,2026-03-11 04:32,2026-03-11 05:32,Área DGR,Área DGR,Conforme
OPE00435,CGO00435,2026-03-11 02:45,2026-03-11 03:47,2026-03-11 03:56,2026-03-11 05:02,2026-03-11 11:05,Armazém geral,Armazém geral,Conforme
OPE00436,CGO00436,2026-01-19 18:10,2026-01-19 18:27,2026-01-19 19:02,2026-01-19 19:41,2026-01-19 21:48,Área de pendência,Área de pendência,Conforme
OPE00437,CGO00437,2026-01-19 18:48,2026-01-19 19:09,2026-01-19 19:39,2026-01-19 19:59,2026-01-19 22:51,Armazém geral,Armazém geral,Conforme
OPE00438,CGO00438,2026-01-19 19:40,2026-01-19 20:47,2026-01-19 21:09,2026-01-19 21:45,2026-01-19 23:37,Área de pendência,Área de pendência,Conforme
OPE00439,CGO00439,2026-01-19 19:21,2026-01-19 20:33,2026-01-19 21:26,2026-01-19 22:21,2026-01-20 01:01,Área refrigerada,Área perecível,Não conforme
OPE00440,CGO00440,2026-01-19 18:12,2026-01-19 18:57,2026-01-19 19:45,2026-01-19 20:35,2026-01-19 22:22,Armazém geral,Armazém geral,Conforme
OPE00441,CGO00441,2026-02-05 23:49,2026-02-06 01:11,2026-02-06 01:59,2026-02-06 03:21,2026-02-06 04:07,Área refrigerada,Área refrigerada,Conforme
OPE00442,CGO00442,2026-02-05 23:43,2026-02-06 01:01,2026-02-06 01:45,2026-02-06 02:22,2026-02-06 04:48,Área de pendência,Área DGR,Não conforme
OPE00443,CGO00443,2026-02-05 23:14,2026-02-06 00:27,2026-02-06 00:55,2026-02-06 02:06,2026-02-06 03:33,Armazém geral,Armazém geral,Conforme
OPE00444,CGO00444,2026-02-05 22:18,2026-02-05 22:56,2026-02-05 23:45,2026-02-06 00:44,2026-02-06 02:17,Armazém geral,Armazém geral,Conforme
OPE00445,CGO00445,2026-02-05 22:57,2026-02-05 23:39,2026-02-05 23:59,2026-02-06 00:17,2026-02-06 02:14,Armazém geral,Armazém geral,Conforme
OPE00446,CGO00446,2026-02-05 22:22,2026-02-05 22:36,2026-02-05 23:05,2026-02-05 23:50,2026-02-06 04:28,Área segura,Área segura,Conforme
OPE00447,CGO00447,2026-03-21 19:38,2026-03-21 20:46,2026-03-21 21:24,2026-03-21 22:11,2026-03-21 23:08,Área refrigerada,Área refrigerada,Conforme
OPE00448,CGO00448,2026-03-21 21:07,2026-03-21 22:36,2026-03-21 23:09,2026-03-21 23:37,2026-03-22 00:18,Armazém geral,Armazém geral,Conforme
OPE00449,CGO00449,2026-03-21 19:53,2026-03-21 20:21,2026-03-21 20:56,2026-03-21 21:40,2026-03-21 23:24,Área segura,Área segura,Conforme
OPE00450,CGO00450,2026-03-21 19:41,2026-03-21 20:45,2026-03-21 21:12,2026-03-21 21:42,2026-03-21 23:03,Armazém geral,Armazém geral,Conforme
OPE00451,CGO00451,2026-03-21 20:17,2026-03-21 21:45,2026-03-21 22:09,2026-03-21 23:07,2026-03-22 00:03,Área refrigerada,Área refrigerada,Conforme
OPE00452,CGO00452,2026-03-21 20:36,2026-03-21 21:28,2026-03-21 22:24,2026-03-21 23:17,2026-03-22 00:34,Área refrigerada,Área refrigerada,Conforme
OPE00453,CGO00453,2026-03-21 21:12,2026-03-21 22:08,2026-03-21 22:15,2026-03-21 22:23,2026-03-22 00:05,Armazém geral,Armazém geral,Conforme
OPE00454,CGO00454,2026-03-21 19:47,2026-03-21 19:59,2026-03-21 20:57,2026-03-21 21:19,2026-03-21 22:17,Armazém geral,Armazém geral,Conforme
OPE00455,CGO00455,2026-03-21 20:30,2026-03-21 20:48,2026-03-21 21:00,2026-03-21 21:23,2026-03-21 22:26,Área refrigerada,Área refrigerada,Conforme
OPE00456,CGO00456,2026-03-21 20:50,2026-03-21 21:24,2026-03-21 22:23,2026-03-21 23:36,2026-03-22 00:44,Armazém geral,Armazém geral,Conforme
OPE00457,CGO00457,2026-03-21 19:45,2026-03-21 20:55,2026-03-21 21:50,2026-03-21 23:19,2026-03-22 00:31,Área de avaria,Área de avaria,Conforme
OPE00458,CGO00458,2026-02-17 23:31,2026-02-18 00:55,2026-02-18 01:41,2026-02-18 01:50,2026-02-18 03:11,Área DGR,Área DGR,Conforme
OPE00459,CGO00459,2026-02-17 23:06,2026-02-18 00:22,2026-02-18 00:49,2026-02-18 01:23,2026-02-18 07:28,Área refrigerada,Área DGR,Não conforme
OPE00460,CGO00460,2026-02-17 23:14,2026-02-18 00:29,2026-02-18 01:08,2026-02-18 02:35,2026-02-18 06:41,Armazém geral,Área de avaria,Não conforme
OPE00461,CGO00461,2026-02-17 23:44,2026-02-18 01:03,2026-02-18 01:24,2026-02-18 01:30,2026-02-18 03:12,Área DGR,Área DGR,Conforme
OPE00462,CGO00462,2026-02-17 23:47,2026-02-18 00:16,2026-02-18 01:16,2026-02-18 02:11,2026-02-18 03:34,Área segura,Área segura,Conforme
OPE00463,CGO00463,2026-02-17 23:48,2026-02-18 00:51,2026-02-18 01:09,2026-02-18 02:10,2026-02-18 04:29,Área DGR,Área DGR,Conforme
OPE00464,CGO00464,2026-02-17 22:48,2026-02-17 23:39,2026-02-18 00:21,2026-02-18 00:28,2026-02-18 01:06,Área DGR,Área DGR,Conforme
OPE00465,CGO00465,2026-02-17 22:36,2026-02-17 23:36,2026-02-17 23:45,2026-02-18 00:58,2026-02-18 03:29,Área de pendência,Área de pendência,Conforme
OPE00466,CGO00466,2026-02-17 23:12,2026-02-17 23:25,2026-02-17 23:41,2026-02-18 00:11,2026-02-18 06:09,Armazém geral,Armazém geral,Conforme
OPE00467,CGO00467,2026-02-17 23:05,2026-02-18 00:15,2026-02-18 00:30,2026-02-18 01:52,2026-02-18 03:41,Armazém geral,Armazém geral,Conforme
OPE00468,CGO00468,2026-02-17 23:27,2026-02-18 00:08,2026-02-18 00:46,2026-02-18 01:33,2026-02-18 04:08,Armazém geral,Armazém geral,Conforme
OPE00469,CGO00469,2026-02-17 22:48,2026-02-17 23:48,2026-02-18 00:32,2026-02-18 00:59,2026-02-18 02:14,Área de pendência,Área de pendência,Conforme
OPE00470,CGO00470,2026-02-17 22:15,2026-02-17 22:55,2026-02-17 23:55,2026-02-18 00:20,2026-02-18 03:07,Armazém geral,Armazém geral,Conforme
OPE00471,CGO00471,2026-03-05 21:09,2026-03-05 21:22,2026-03-05 21:31,2026-03-05 22:57,2026-03-06 01:25,Armazém geral,Armazém geral,Conforme
OPE00472,CGO00472,2026-03-05 21:12,2026-03-05 22:21,2026-03-05 22:30,2026-03-05 22:45,2026-03-06 01:19,Armazém geral,Armazém geral,Conforme
OPE00473,CGO00473,2026-03-05 21:36,2026-03-05 22:20,2026-03-05 22:34,2026-03-05 23:35,2026-03-06 01:00,Área DGR,Área DGR,Conforme
OPE00474,CGO00474,2026-03-05 20:23,2026-03-05 21:22,2026-03-05 22:11,2026-03-05 22:55,2026-03-05 23:26,Área de avaria,Área de avaria,Conforme
OPE00475,CGO00475,2026-03-05 20:11,2026-03-05 21:04,2026-03-05 22:01,2026-03-05 22:30,2026-03-05 23:16,Área de pendência,Área de pendência,Conforme
OPE00476,CGO00476,2026-03-05 20:51,2026-03-05 21:42,2026-03-05 22:22,2026-03-05 23:47,2026-03-06 01:10,Armazém geral,Armazém geral,Conforme
OPE00477,CGO00477,2026-03-05 20:50,2026-03-05 21:01,2026-03-05 21:30,2026-03-05 22:02,2026-03-05 22:48,Armazém geral,Armazém geral,Conforme
OPE00478,CGO00478,2026-03-05 20:23,2026-03-05 21:41,2026-03-05 22:36,2026-03-05 23:53,2026-03-06 00:47,Área de pendência,Área de pendência,Conforme
OPE00479,CGO00479,2026-03-05 20:18,2026-03-05 21:10,2026-03-05 21:16,2026-03-05 22:38,2026-03-06 01:02,Armazém geral,Armazém geral,Conforme
OPE00480,CGO00480,2026-03-05 21:46,2026-03-05 22:27,2026-03-05 23:11,2026-03-05 23:26,2026-03-06 02:09,Armazém geral,Armazém geral,Conforme
OPE00481,CGO00481,2026-03-05 20:16,2026-03-05 20:57,2026-03-05 21:53,2026-03-05 22:26,2026-03-06 00:33,Armazém geral,Armazém geral,Conforme
OPE00482,CGO00482,2026-03-05 20:36,2026-03-05 21:02,2026-03-05 21:12,2026-03-05 21:39,2026-03-05 23:01,Armazém geral,Armazém geral,Conforme
OPE00483,CGO00483,2026-03-05 20:48,2026-03-05 21:34,2026-03-05 22:15,2026-03-05 23:17,2026-03-06 00:38,Área DGR,Área DGR,Conforme
OPE00484,CGO00484,2026-01-22 23:21,2026-01-23 00:39,2026-01-23 00:53,2026-01-23 02:08,2026-01-23 03:43,Armazém geral,Armazém geral,Conforme
OPE00485,CGO00485,2026-01-22 22:24,2026-01-22 22:58,2026-01-22 23:03,2026-01-22 23:09,2026-01-23 01:14,Área perecível,Área perecível,Conforme
OPE00486,CGO00486,2026-01-22 22:20,2026-01-22 23:19,2026-01-23 00:00,2026-01-23 00:25,2026-01-23 02:46,Área perecível,Área perecível,Conforme
OPE00487,CGO00487,2026-01-22 22:59,2026-01-22 23:40,2026-01-23 00:00,2026-01-23 01:06,2026-01-23 06:38,Área refrigerada,Área refrigerada,Conforme
OPE00488,CGO00488,2026-01-22 22:15,2026-01-22 23:31,2026-01-22 23:48,2026-01-23 00:47,2026-01-23 03:06,Área refrigerada,Área refrigerada,Conforme
OPE00489,CGO00489,2026-01-22 22:16,2026-01-22 22:39,2026-01-22 23:24,2026-01-23 00:42,2026-01-23 02:40,Armazém geral,Armazém geral,Conforme
OPE00490,CGO00490,2026-01-22 22:05,2026-01-22 22:27,2026-01-22 22:36,2026-01-22 23:34,2026-01-23 01:17,Área DGR,Área DGR,Conforme
OPE00491,CGO00491,2026-01-22 22:28,2026-01-22 23:03,2026-01-22 23:11,2026-01-22 23:39,2026-01-23 00:58,Armazém geral,Armazém geral,Conforme
OPE00492,CGO00492,2026-01-22 23:19,2026-01-22 23:59,2026-01-23 00:34,2026-01-23 01:41,2026-01-23 04:47,Armazém geral,Armazém geral,Conforme
OPE00493,CGO00493,2026-01-22 22:48,2026-01-23 00:15,2026-01-23 00:47,2026-01-23 01:35,2026-01-23 03:32,Área perecível,Área perecível,Conforme
OPE00494,CGO00494,2026-01-22 22:05,2026-01-22 23:13,2026-01-23 00:13,2026-01-23 01:09,2026-01-23 02:14,Armazém geral,Armazém geral,Conforme
OPE00495,CGO00495,2026-01-22 23:10,2026-01-23 00:12,2026-01-23 00:59,2026-01-23 01:28,2026-01-23 03:21,Armazém geral,Armazém geral,Conforme
OPE00496,CGO00496,2026-01-11 18:04,2026-01-11 18:30,2026-01-11 19:06,2026-01-11 19:22,2026-01-11 22:12,Área de avaria,Área de avaria,Conforme
OPE00497,CGO00497,2026-01-11 19:36,2026-01-11 19:57,2026-01-11 20:08,2026-01-11 21:08,2026-01-11 21:45,Área perecível,Área perecível,Conforme
OPE00498,CGO00498,2026-01-11 19:21,2026-01-11 20:33,2026-01-11 20:43,2026-01-11 21:30,2026-01-12 00:27,Área refrigerada,Área refrigerada,Conforme
OPE00499,CGO00499,2026-01-11 18:29,2026-01-11 19:07,2026-01-11 19:28,2026-01-11 19:47,2026-01-11 20:45,Área refrigerada,Área refrigerada,Conforme
OPE00500,CGO00500,2026-01-11 18:00,2026-01-11 18:49,2026-01-11 18:57,2026-01-11 20:17,2026-01-11 22:26,Armazém geral,Armazém geral,Conforme
OPE00501,CGO00501,2026-01-11 18:40,2026-01-11 19:08,2026-01-11 20:05,2026-01-11 20:47,2026-01-11 23:36,Área perecível,Área refrigerada,Não conforme
OPE00502,CGO00502,2026-01-11 18:48,2026-01-11 19:05,2026-01-11 20:01,2026-01-11 20:48,2026-01-11 22:11,Área perecível,Área perecível,Conforme
OPE00503,CGO00503,2026-01-11 18:20,2026-01-11 18:32,2026-01-11 19:12,2026-01-11 20:07,2026-01-11 22:38,Área de avaria,Área de avaria,Conforme
OPE00504,CGO00504,2026-01-11 18:12,2026-01-11 18:38,2026-01-11 19:03,2026-01-11 20:22,2026-01-11 21:05,Armazém geral,Armazém geral,Conforme
OPE00505,CGO00505,2026-01-11 18:25,2026-01-11 18:36,2026-01-11 19:04,2026-01-11 20:22,2026-01-12 02:03,Armazém geral,Armazém geral,Conforme
OPE00506,CGO00506,2026-01-11 19:28,2026-01-11 20:54,2026-01-11 21:10,2026-01-11 22:38,2026-01-11 23:30,Armazém geral,Armazém geral,Conforme
OPE00507,CGO00507,2026-01-11 19:25,2026-01-11 20:40,2026-01-11 20:59,2026-01-11 21:06,2026-01-11 23:20,Área refrigerada,Área DGR,Não conforme
OPE00508,CGO00508,2026-01-11 18:02,2026-01-11 19:02,2026-01-11 19:42,2026-01-11 20:55,2026-01-11 23:40,Armazém geral,Armazém geral,Conforme
OPE00509,CGO00509,2026-01-11 18:23,2026-01-11 19:49,2026-01-11 20:38,2026-01-11 21:06,2026-01-12 03:28,Armazém geral,Armazém geral,Conforme
OPE00510,CGO00510,2026-02-17 00:43,2026-02-17 01:55,2026-02-17 02:44,2026-02-17 03:29,2026-02-17 05:29,Área de pendência,Área de pendência,Conforme
OPE00511,CGO00511,2026-02-16 23:57,2026-02-17 00:24,2026-02-17 01:07,2026-02-17 02:22,2026-02-17 04:23,Armazém geral,Armazém geral,Conforme
OPE00512,CGO00512,2026-02-17 00:58,2026-02-17 01:26,2026-02-17 02:05,2026-02-17 02:36,2026-02-17 09:58,Armazém geral,Armazém geral,Conforme
OPE00513,CGO00513,2026-02-16 23:41,2026-02-17 00:37,2026-02-17 01:03,2026-02-17 01:42,2026-02-17 03:09,Área perecível,Área perecível,Conforme
OPE00514,CGO00514,2026-02-17 00:09,2026-02-17 01:34,2026-02-17 02:31,2026-02-17 03:38,2026-02-17 10:11,Área segura,Área segura,Conforme
OPE00515,CGO00515,2026-03-11 00:49,2026-03-11 01:05,2026-03-11 01:56,2026-03-11 03:22,2026-03-11 04:55,Área DGR,Área DGR,Conforme
OPE00516,CGO00516,2026-03-11 01:46,2026-03-11 02:25,2026-03-11 02:49,2026-03-11 04:15,2026-03-11 06:03,Área perecível,Área perecível,Conforme
OPE00517,CGO00517,2026-03-11 00:16,2026-03-11 01:20,2026-03-11 02:08,2026-03-11 03:18,2026-03-11 09:04,Área de pendência,Área de pendência,Conforme
OPE00518,CGO00518,2026-03-11 01:49,2026-03-11 03:06,2026-03-11 03:54,2026-03-11 05:16,2026-03-11 09:34,Área DGR,Área DGR,Conforme
OPE00519,CGO00519,2026-03-11 00:30,2026-03-11 01:17,2026-03-11 01:41,2026-03-11 02:47,2026-03-11 04:11,Armazém geral,Área de avaria,Não conforme
OPE00520,CGO00520,2026-03-07 08:28,2026-03-07 09:29,2026-03-07 09:56,2026-03-07 10:02,2026-03-07 15:33,Armazém geral,Armazém geral,Conforme
OPE00521,CGO00521,2026-03-07 09:01,2026-03-07 09:31,2026-03-07 09:44,2026-03-07 10:34,2026-03-07 11:05,Área de avaria,Área de avaria,Conforme
OPE00522,CGO00522,2026-03-07 08:09,2026-03-07 08:39,2026-03-07 09:26,2026-03-07 09:56,2026-03-07 11:34,Armazém geral,Armazém geral,Conforme
OPE00523,CGO00523,2026-03-07 08:54,2026-03-07 09:20,2026-03-07 09:32,2026-03-07 09:50,2026-03-07 10:52,Armazém geral,Armazém geral,Conforme
OPE00524,CGO00524,2026-03-07 08:06,2026-03-07 09:11,2026-03-07 09:46,2026-03-07 10:28,2026-03-07 11:19,Área DGR,Área DGR,Conforme
OPE00525,CGO00525,2026-03-07 08:36,2026-03-07 09:40,2026-03-07 09:57,2026-03-07 11:02,2026-03-07 11:58,Armazém geral,Armazém geral,Conforme
OPE00526,CGO00526,2026-03-07 08:59,2026-03-07 09:11,2026-03-07 09:55,2026-03-07 10:25,2026-03-07 16:11,Área refrigerada,Área refrigerada,Conforme
OPE00527,CGO00527,2026-03-07 09:05,2026-03-07 09:50,2026-03-07 10:33,2026-03-07 10:50,2026-03-07 15:24,Área de pendência,Área de pendência,Conforme
OPE00528,CGO00528,2026-03-07 09:28,2026-03-07 10:13,2026-03-07 10:31,2026-03-07 11:50,2026-03-07 12:47,Área DGR,Área DGR,Conforme
OPE00529,CGO00529,2026-03-07 08:14,2026-03-07 09:33,2026-03-07 10:17,2026-03-07 11:05,2026-03-07 13:36,Área de avaria,Área de avaria,Conforme
OPE00530,CGO00530,2026-03-07 09:42,2026-03-07 11:03,2026-03-07 11:30,2026-03-07 12:21,2026-03-07 13:21,Armazém geral,Armazém geral,Conforme
OPE00531,CGO00531,2026-03-07 08:21,2026-03-07 09:08,2026-03-07 09:15,2026-03-07 10:32,2026-03-07 16:41,Área segura,Área segura,Conforme
OPE00532,CGO00532,2026-03-07 09:20,2026-03-07 09:31,2026-03-07 10:26,2026-03-07 11:36,2026-03-07 14:20,Armazém geral,Armazém geral,Conforme
OPE00533,CGO00533,2026-03-07 08:10,2026-03-07 08:38,2026-03-07 09:00,2026-03-07 09:22,2026-03-07 10:05,Armazém geral,Armazém geral,Conforme
OPE00534,CGO00534,2026-01-02 04:10,2026-01-02 04:21,2026-01-02 05:18,2026-01-02 06:08,2026-01-02 07:49,Armazém geral,Armazém geral,Conforme
OPE00535,CGO00535,2026-01-02 04:10,2026-01-02 05:37,2026-01-02 06:17,2026-01-02 06:48,2026-01-02 08:14,Armazém geral,Armazém geral,Conforme
OPE00536,CGO00536,2026-01-02 03:08,2026-01-02 04:19,2026-01-02 04:29,2026-01-02 05:37,2026-01-02 06:54,Armazém geral,Armazém geral,Conforme
OPE00537,CGO00537,2026-01-02 03:40,2026-01-02 05:07,2026-01-02 05:24,2026-01-02 05:37,2026-01-02 07:56,Área refrigerada,Área refrigerada,Conforme
OPE00538,CGO00538,2026-01-02 02:52,2026-01-02 03:16,2026-01-02 04:13,2026-01-02 04:19,2026-01-02 05:00,Área DGR,Área DGR,Conforme
OPE00539,CGO00539,2026-01-02 04:20,2026-01-02 04:40,2026-01-02 04:57,2026-01-02 05:19,2026-01-02 08:13,Área de pendência,Área de pendência,Conforme
OPE00540,CGO00540,2026-01-02 03:05,2026-01-02 03:17,2026-01-02 04:14,2026-01-02 04:24,2026-01-02 07:12,Armazém geral,Armazém geral,Conforme
OPE00541,CGO00541,2026-01-02 03:18,2026-01-02 03:41,2026-01-02 04:04,2026-01-02 04:54,2026-01-02 07:45,Área DGR,Área DGR,Conforme
OPE00542,CGO00542,2026-01-02 03:37,2026-01-02 04:20,2026-01-02 05:16,2026-01-02 05:30,2026-01-02 06:38,Armazém geral,Armazém geral,Conforme
OPE00543,CGO00543,2026-03-03 09:53,2026-03-03 10:55,2026-03-03 11:38,2026-03-03 13:04,2026-03-03 14:36,Área segura,Área segura,Conforme
OPE00544,CGO00544,2026-03-03 09:18,2026-03-03 10:35,2026-03-03 11:16,2026-03-03 11:49,2026-03-03 13:19,Área perecível,Área perecível,Conforme
OPE00545,CGO00545,2026-03-03 10:04,2026-03-03 10:31,2026-03-03 10:54,2026-03-03 11:57,2026-03-03 14:48,Área de pendência,Área de pendência,Conforme
OPE00546,CGO00546,2026-03-03 08:43,2026-03-03 09:41,2026-03-03 10:32,2026-03-03 10:40,2026-03-03 12:58,Armazém geral,Armazém geral,Conforme
OPE00547,CGO00547,2026-03-03 08:35,2026-03-03 09:16,2026-03-03 09:25,2026-03-03 09:31,2026-03-03 11:47,Área de avaria,Área de avaria,Conforme
OPE00548,CGO00548,2026-03-03 09:21,2026-03-03 09:32,2026-03-03 09:55,2026-03-03 10:14,2026-03-03 10:52,Área DGR,Área DGR,Conforme
OPE00549,CGO00549,2026-03-03 09:38,2026-03-03 10:52,2026-03-03 11:16,2026-03-03 11:50,2026-03-03 13:00,Área DGR,Área DGR,Conforme
OPE00550,CGO00550,2026-03-03 10:00,2026-03-03 11:21,2026-03-03 12:04,2026-03-03 12:18,2026-03-03 14:47,Armazém geral,Armazém geral,Conforme
OPE00551,CGO00551,2026-03-03 08:38,2026-03-03 09:01,2026-03-03 09:10,2026-03-03 10:01,2026-03-03 11:56,Armazém geral,Área refrigerada,Não conforme
OPE00552,CGO00552,2026-03-03 08:29,2026-03-03 09:09,2026-03-03 09:31,2026-03-03 09:46,2026-03-03 12:40,Armazém geral,Armazém geral,Conforme
OPE00553,CGO00553,2026-02-10 08:52,2026-02-10 09:44,2026-02-10 10:15,2026-02-10 11:24,2026-02-10 17:57,Área segura,Área segura,Conforme
OPE00554,CGO00554,2026-02-10 10:13,2026-02-10 11:40,2026-02-10 12:26,2026-02-10 13:37,2026-02-10 17:25,Área de pendência,Área de pendência,Conforme
OPE00555,CGO00555,2026-02-10 08:52,2026-02-10 09:03,2026-02-10 09:17,2026-02-10 10:01,2026-02-10 10:53,Área refrigerada,Área refrigerada,Conforme
OPE00556,CGO00556,2026-02-10 09:13,2026-02-10 10:23,2026-02-10 10:44,2026-02-10 11:45,2026-02-10 17:41,Armazém geral,Armazém geral,Conforme
OPE00557,CGO00557,2026-02-10 09:44,2026-02-10 10:51,2026-02-10 11:12,2026-02-10 11:22,2026-02-10 12:06,Área de avaria,Área de avaria,Conforme
OPE00558,CGO00558,2026-02-10 08:49,2026-02-10 09:27,2026-02-10 09:56,2026-02-10 11:00,2026-02-10 12:59,Área de avaria,Área de avaria,Conforme
OPE00559,CGO00559,2026-02-10 10:18,2026-02-10 11:23,2026-02-10 11:40,2026-02-10 12:36,2026-02-10 14:27,Armazém geral,Armazém geral,Conforme
OPE00560,CGO00560,2026-02-10 09:07,2026-02-10 09:57,2026-02-10 10:38,2026-02-10 10:47,2026-02-10 14:53,Armazém geral,Armazém geral,Conforme
OPE00561,CGO00561,2026-02-10 10:11,2026-02-10 11:18,2026-02-10 12:18,2026-02-10 13:16,2026-02-10 16:18,Armazém geral,Área refrigerada,Não conforme
OPE00562,CGO00562,2026-02-10 09:00,2026-02-10 10:05,2026-02-10 10:32,2026-02-10 11:50,2026-02-10 12:22,Área de pendência,Área de pendência,Conforme
OPE00563,CGO00563,2026-02-10 10:13,2026-02-10 11:03,2026-02-10 11:08,2026-02-10 11:32,2026-02-10 12:39,Área refrigerada,Área refrigerada,Conforme
OPE00564,CGO00564,2026-02-10 10:01,2026-02-10 11:08,2026-02-10 11:53,2026-02-10 13:12,2026-02-10 17:48,Área DGR,Área DGR,Conforme
OPE00565,CGO00565,2026-02-10 09:49,2026-02-10 10:53,2026-02-10 11:31,2026-02-10 12:18,2026-02-10 19:00,Área DGR,Área DGR,Conforme
OPE00566,CGO00566,2026-01-13 08:29,2026-01-13 09:16,2026-01-13 10:15,2026-01-13 11:13,2026-01-13 13:39,Área de pendência,Área de pendência,Conforme
OPE00567,CGO00567,2026-01-13 09:55,2026-01-13 10:55,2026-01-13 11:00,2026-01-13 11:52,2026-01-13 14:31,Armazém geral,Armazém geral,Conforme
OPE00568,CGO00568,2026-01-13 08:26,2026-01-13 08:39,2026-01-13 08:53,2026-01-13 09:45,2026-01-13 12:27,Área DGR,Área DGR,Conforme
OPE00569,CGO00569,2026-01-13 08:31,2026-01-13 09:54,2026-01-13 10:26,2026-01-13 10:47,2026-01-13 12:56,Área refrigerada,Área refrigerada,Conforme
OPE00570,CGO00570,2026-01-13 10:05,2026-01-13 11:05,2026-01-13 12:03,2026-01-13 13:28,2026-01-13 16:19,Armazém geral,Armazém geral,Conforme
OPE00571,CGO00571,2026-01-13 09:34,2026-01-13 09:54,2026-01-13 10:35,2026-01-13 11:28,2026-01-13 18:31,Área refrigerada,Área refrigerada,Conforme
OPE00572,CGO00572,2026-01-13 09:45,2026-01-13 09:57,2026-01-13 10:42,2026-01-13 12:01,2026-01-13 12:59,Área segura,Área segura,Conforme
OPE00573,CGO00573,2026-01-13 08:51,2026-01-13 09:51,2026-01-13 10:02,2026-01-13 11:09,2026-01-13 13:24,Área de pendência,Área de pendência,Conforme
OPE00574,CGO00574,2026-01-13 09:37,2026-01-13 11:07,2026-01-13 11:50,2026-01-13 11:59,2026-01-13 19:00,Área refrigerada,Área de pendência,Não conforme
OPE00575,CGO00575,2026-01-13 08:41,2026-01-13 09:25,2026-01-13 09:47,2026-01-13 10:53,2026-01-13 11:46,Armazém geral,Armazém geral,Conforme
OPE00576,CGO00576,2026-01-13 08:50,2026-01-13 09:35,2026-01-13 10:05,2026-01-13 10:23,2026-01-13 13:23,Armazém geral,Armazém geral,Conforme
OPE00577,CGO00577,2026-01-13 09:05,2026-01-13 10:34,2026-01-13 10:45,2026-01-13 12:07,2026-01-13 13:28,Área de pendência,Área de pendência,Conforme
OPE00578,CGO00578,2026-01-22 09:04,2026-01-22 09:37,2026-01-22 10:04,2026-01-22 10:40,2026-01-22 15:12,Área de pendência,Área segura,Não conforme
OPE00579,CGO00579,2026-01-22 09:35,2026-01-22 09:54,2026-01-22 10:35,2026-01-22 12:02,2026-01-22 14:23,Armazém geral,Armazém geral,Conforme
OPE00580,CGO00580,2026-01-22 09:25,2026-01-22 10:24,2026-01-22 10:44,2026-01-22 12:02,2026-01-22 18:19,Área perecível,Área segura,Não conforme
OPE00581,CGO00581,2026-01-22 09:46,2026-01-22 10:40,2026-01-22 11:10,2026-01-22 11:25,2026-01-22 13:15,Armazém geral,Armazém geral,Conforme
OPE00582,CGO00582,2026-01-22 08:23,2026-01-22 08:36,2026-01-22 08:55,2026-01-22 09:06,2026-01-22 10:11,Área de avaria,Área de avaria,Conforme
OPE00583,CGO00583,2026-01-22 09:18,2026-01-22 09:28,2026-01-22 10:17,2026-01-22 10:28,2026-01-22 11:09,Armazém geral,Armazém geral,Conforme
OPE00584,CGO00584,2026-01-22 08:25,2026-01-22 08:51,2026-01-22 09:16,2026-01-22 09:39,2026-01-22 15:25,Área segura,Área perecível,Não conforme
OPE00585,CGO00585,2026-01-22 08:47,2026-01-22 09:07,2026-01-22 09:34,2026-01-22 10:50,2026-01-22 12:22,Área segura,Área segura,Conforme
OPE00586,CGO00586,2026-01-22 09:09,2026-01-22 10:08,2026-01-22 10:25,2026-01-22 11:32,2026-01-22 15:48,Área de pendência,Área de pendência,Conforme
OPE00587,CGO00587,2026-01-22 08:18,2026-01-22 09:03,2026-01-22 09:35,2026-01-22 10:01,2026-01-22 12:58,Área de avaria,Área de avaria,Conforme
OPE00588,CGO00588,2026-01-22 08:55,2026-01-22 09:38,2026-01-22 09:50,2026-01-22 11:05,2026-01-22 15:34,Armazém geral,Armazém geral,Conforme
OPE00589,CGO00589,2026-01-22 08:16,2026-01-22 08:30,2026-01-22 09:11,2026-01-22 09:50,2026-01-22 16:31,Área perecível,Área perecível,Conforme
OPE00590,CGO00590,2026-01-22 09:26,2026-01-22 10:12,2026-01-22 11:03,2026-01-22 11:08,2026-01-22 14:25,Armazém geral,Armazém geral,Conforme
OPE00591,CGO00591,2026-01-22 08:19,2026-01-22 08:50,2026-01-22 09:38,2026-01-22 09:44,2026-01-22 12:15,Armazém geral,Armazém geral,Conforme
OPE00592,CGO00592,2026-01-04 01:49,2026-01-04 02:31,2026-01-04 03:18,2026-01-04 04:25,2026-01-04 06:52,Área de avaria,Área refrigerada,Não conforme
OPE00593,CGO00593,2026-01-04 01:46,2026-01-04 01:58,2026-01-04 02:12,2026-01-04 03:09,2026-01-04 04:15,Área de avaria,Área de avaria,Conforme
OPE00594,CGO00594,2026-01-04 02:01,2026-01-04 02:24,2026-01-04 02:46,2026-01-04 04:11,2026-01-04 06:36,Armazém geral,Armazém geral,Conforme
OPE00595,CGO00595,2026-01-04 01:15,2026-01-04 02:04,2026-01-04 02:21,2026-01-04 02:31,2026-01-04 04:28,Área de pendência,Área de pendência,Conforme
OPE00596,CGO00596,2026-01-04 01:39,2026-01-04 02:08,2026-01-04 02:46,2026-01-04 03:28,2026-01-04 04:39,Armazém geral,Armazém geral,Conforme
OPE00597,CGO00597,2026-01-04 02:04,2026-01-04 02:14,2026-01-04 02:22,2026-01-04 02:59,2026-01-04 06:12,Armazém geral,Armazém geral,Conforme
OPE00598,CGO00598,2026-03-29 04:14,2026-03-29 04:41,2026-03-29 05:29,2026-03-29 05:59,2026-03-29 08:15,Armazém geral,Armazém geral,Conforme
OPE00599,CGO00599,2026-03-29 03:55,2026-03-29 04:17,2026-03-29 04:30,2026-03-29 05:42,2026-03-29 07:32,Área perecível,Área perecível,Conforme
OPE00600,CGO00600,2026-03-29 03:03,2026-03-29 04:06,2026-03-29 04:16,2026-03-29 04:38,2026-03-29 06:25,Armazém geral,Armazém geral,Conforme
OPE00601,CGO00601,2026-03-29 03:16,2026-03-29 04:17,2026-03-29 05:04,2026-03-29 05:09,2026-03-29 07:51,Área de pendência,Área de pendência,Conforme
OPE00602,CGO00602,2026-03-29 03:07,2026-03-29 03:32,2026-03-29 04:24,2026-03-29 05:43,2026-03-29 06:26,Armazém geral,Armazém geral,Conforme
OPE00603,CGO00603,2026-03-29 03:00,2026-03-29 04:12,2026-03-29 04:56,2026-03-29 05:26,2026-03-29 08:38,Armazém geral,Armazém geral,Conforme
OPE00604,CGO00604,2026-03-29 04:24,2026-03-29 05:04,2026-03-29 05:19,2026-03-29 06:29,2026-03-29 10:43,Área de avaria,Área refrigerada,Não conforme
OPE00605,CGO00605,2026-03-29 03:15,2026-03-29 04:37,2026-03-29 05:06,2026-03-29 05:12,2026-03-29 05:50,Área perecível,Área perecível,Conforme
OPE00606,CGO00606,2026-03-29 03:45,2026-03-29 04:59,2026-03-29 05:58,2026-03-29 07:07,2026-03-29 09:51,Área perecível,Área perecível,Conforme
OPE00607,CGO00607,2026-02-13 22:09,2026-02-13 23:26,2026-02-13 23:47,2026-02-14 00:08,2026-02-14 03:08,Área refrigerada,Área refrigerada,Conforme
OPE00608,CGO00608,2026-02-13 21:33,2026-02-13 22:43,2026-02-13 23:08,2026-02-13 23:42,2026-02-14 01:12,Área de avaria,Área de avaria,Conforme
OPE00609,CGO00609,2026-02-13 21:17,2026-02-13 22:44,2026-02-13 23:29,2026-02-13 23:37,2026-02-14 04:15,Área de pendência,Área de pendência,Conforme
OPE00610,CGO00610,2026-02-13 20:54,2026-02-13 21:15,2026-02-13 21:57,2026-02-13 22:05,2026-02-13 22:59,Área DGR,Área DGR,Conforme
OPE00611,CGO00611,2026-02-13 22:03,2026-02-13 23:20,2026-02-13 23:56,2026-02-14 00:25,2026-02-14 03:21,Área perecível,Área perecível,Conforme
OPE00612,CGO00612,2026-02-13 20:39,2026-02-13 22:01,2026-02-13 22:11,2026-02-13 22:32,2026-02-14 00:18,Área de avaria,Área de avaria,Conforme
OPE00613,CGO00613,2026-02-13 22:00,2026-02-13 22:55,2026-02-13 23:04,2026-02-13 23:29,2026-02-14 00:18,Armazém geral,Armazém geral,Conforme
OPE00614,CGO00614,2026-02-13 20:44,2026-02-13 22:08,2026-02-13 22:43,2026-02-13 23:21,2026-02-13 23:59,Armazém geral,Armazém geral,Conforme
OPE00615,CGO00615,2026-02-13 22:06,2026-02-13 22:23,2026-02-13 22:43,2026-02-13 23:51,2026-02-14 02:09,Armazém geral,Armazém geral,Conforme
OPE00616,CGO00616,2026-02-13 21:08,2026-02-13 21:47,2026-02-13 21:53,2026-02-13 22:05,2026-02-14 03:58,Área perecível,Área perecível,Conforme
OPE00617,CGO00617,2026-02-13 20:37,2026-02-13 21:17,2026-02-13 21:36,2026-02-13 21:52,2026-02-13 23:20,Área de pendência,Área de pendência,Conforme
OPE00618,CGO00618,2026-02-13 20:37,2026-02-13 20:56,2026-02-13 21:04,2026-02-13 21:25,2026-02-13 23:07,Armazém geral,Armazém geral,Conforme
OPE00619,CGO00619,2026-01-18 02:56,2026-01-18 03:44,2026-01-18 04:12,2026-01-18 05:27,2026-01-18 06:59,Armazém geral,Armazém geral,Conforme
OPE00620,CGO00620,2026-01-18 02:35,2026-01-18 02:55,2026-01-18 03:13,2026-01-18 03:35,2026-01-18 06:18,Armazém geral,Armazém geral,Conforme
OPE00621,CGO00621,2026-01-18 02:58,2026-01-18 03:22,2026-01-18 03:28,2026-01-18 04:36,2026-01-18 06:15,Armazém geral,Armazém geral,Conforme
OPE00622,CGO00622,2026-01-18 02:05,2026-01-18 02:43,2026-01-18 03:01,2026-01-18 03:54,2026-01-18 07:39,Armazém geral,Armazém geral,Conforme
OPE00623,CGO00623,2026-01-18 02:54,2026-01-18 03:11,2026-01-18 04:07,2026-01-18 04:25,2026-01-18 06:08,Área segura,Área segura,Conforme
OPE00624,CGO00624,2026-01-18 03:35,2026-01-18 04:15,2026-01-18 04:28,2026-01-18 04:34,2026-01-18 06:14,Área segura,Área segura,Conforme
OPE00625,CGO00625,2026-01-18 02:32,2026-01-18 03:59,2026-01-18 04:04,2026-01-18 04:24,2026-01-18 06:16,Armazém geral,Armazém geral,Conforme
OPE00626,CGO00626,2026-01-18 03:11,2026-01-18 03:48,2026-01-18 04:19,2026-01-18 04:31,2026-01-18 05:21,Armazém geral,Armazém geral,Conforme
OPE00627,CGO00627,2026-01-18 02:29,2026-01-18 03:59,2026-01-18 04:15,2026-01-18 04:38,2026-01-18 05:20,Armazém geral,Armazém geral,Conforme
OPE00628,CGO00628,2026-03-16 16:29,2026-03-16 17:43,2026-03-16 18:16,2026-03-16 18:35,2026-03-16 20:05,Área perecível,Área perecível,Conforme
OPE00629,CGO00629,2026-03-16 18:00,2026-03-16 18:56,2026-03-16 19:22,2026-03-16 20:19,2026-03-16 22:24,Armazém geral,Armazém geral,Conforme
OPE00630,CGO00630,2026-03-16 17:25,2026-03-16 18:40,2026-03-16 19:35,2026-03-16 20:54,2026-03-17 01:14,Armazém geral,Área DGR,Não conforme
OPE00631,CGO00631,2026-03-16 17:40,2026-03-16 19:00,2026-03-16 19:51,2026-03-16 20:49,2026-03-16 21:50,Área de pendência,Área de pendência,Conforme
OPE00632,CGO00632,2026-03-16 16:57,2026-03-16 17:38,2026-03-16 18:04,2026-03-16 18:40,2026-03-16 20:42,Área perecível,Área perecível,Conforme
OPE00633,CGO00633,2026-02-22 17:41,2026-02-22 18:59,2026-02-22 19:19,2026-02-22 20:16,2026-02-22 21:21,Armazém geral,Armazém geral,Conforme
OPE00634,CGO00634,2026-02-22 18:45,2026-02-22 19:20,2026-02-22 19:36,2026-02-22 20:39,2026-02-22 22:59,Armazém geral,Área perecível,Não conforme
OPE00635,CGO00635,2026-02-22 18:36,2026-02-22 19:16,2026-02-22 20:06,2026-02-22 20:48,2026-02-22 23:11,Área de pendência,Área de pendência,Conforme
OPE00636,CGO00636,2026-02-22 17:42,2026-02-22 18:15,2026-02-22 19:06,2026-02-22 20:26,2026-02-22 23:06,Armazém geral,Armazém geral,Conforme
OPE00637,CGO00637,2026-02-22 18:40,2026-02-22 19:25,2026-02-22 20:19,2026-02-22 20:36,2026-02-22 23:12,Área perecível,Área perecível,Conforme
OPE00638,CGO00638,2026-02-22 18:58,2026-02-22 19:34,2026-02-22 20:06,2026-02-22 21:17,2026-02-23 01:22,Armazém geral,Área DGR,Não conforme
OPE00639,CGO00639,2026-02-22 17:43,2026-02-22 18:05,2026-02-22 18:23,2026-02-22 19:38,2026-02-22 20:51,Área de pendência,Armazém geral,Não conforme
OPE00640,CGO00640,2026-02-22 18:38,2026-02-22 19:42,2026-02-22 20:33,2026-02-22 21:34,2026-02-23 00:00,Armazém geral,Armazém geral,Conforme
OPE00641,CGO00641,2026-02-22 18:58,2026-02-22 19:22,2026-02-22 19:49,2026-02-22 20:04,2026-02-22 21:59,Armazém geral,Área refrigerada,Não conforme
OPE00642,CGO00642,2026-02-22 18:31,2026-02-22 19:21,2026-02-22 19:38,2026-02-22 20:54,2026-02-23 04:04,Área DGR,Área de pendência,Não conforme
OPE00643,CGO00643,2026-02-22 17:36,2026-02-22 18:52,2026-02-22 19:51,2026-02-22 20:23,2026-02-23 00:55,Área de avaria,Área de avaria,Conforme
OPE00644,CGO00644,2026-02-22 18:02,2026-02-22 18:24,2026-02-22 18:43,2026-02-22 19:02,2026-02-22 20:45,Área perecível,Área perecível,Conforme
OPE00645,CGO00645,2026-03-01 18:05,2026-03-01 19:07,2026-03-01 19:15,2026-03-01 20:31,2026-03-01 22:07,Área DGR,Área DGR,Conforme
OPE00646,CGO00646,2026-03-01 17:04,2026-03-01 18:11,2026-03-01 18:42,2026-03-01 19:15,2026-03-01 20:27,Armazém geral,Armazém geral,Conforme
OPE00647,CGO00647,2026-03-01 16:36,2026-03-01 17:28,2026-03-01 17:55,2026-03-01 19:10,2026-03-01 23:39,Área refrigerada,Área refrigerada,Conforme
OPE00648,CGO00648,2026-03-01 18:03,2026-03-01 18:44,2026-03-01 18:51,2026-03-01 19:30,2026-03-01 22:45,Armazém geral,Armazém geral,Conforme
OPE00649,CGO00649,2026-03-01 16:49,2026-03-01 18:16,2026-03-01 19:15,2026-03-01 19:59,2026-03-01 23:35,Área DGR,Área DGR,Conforme
OPE00650,CGO00650,2026-03-01 17:54,2026-03-01 19:12,2026-03-01 19:49,2026-03-01 20:25,2026-03-01 23:02,Área de pendência,Área de pendência,Conforme
OPE00651,CGO00651,2026-03-01 16:54,2026-03-01 18:01,2026-03-01 18:29,2026-03-01 19:35,2026-03-01 21:24,Área perecível,Área perecível,Conforme
OPE00652,CGO00652,2026-03-01 17:25,2026-03-01 18:41,2026-03-01 19:32,2026-03-01 20:49,2026-03-01 21:34,Área refrigerada,Área refrigerada,Conforme
OPE00653,CGO00653,2026-03-01 16:59,2026-03-01 17:35,2026-03-01 18:28,2026-03-01 19:44,2026-03-01 22:33,Armazém geral,Armazém geral,Conforme
OPE00654,CGO00654,2026-03-01 16:34,2026-03-01 17:32,2026-03-01 17:45,2026-03-01 17:51,2026-03-01 18:52,Área perecível,Área perecível,Conforme
OPE00655,CGO00655,2026-03-01 17:35,2026-03-01 18:38,2026-03-01 19:08,2026-03-01 19:14,2026-03-01 21:35,Área refrigerada,Área refrigerada,Conforme
OPE00656,CGO00656,2026-03-01 17:56,2026-03-01 18:53,2026-03-01 19:31,2026-03-01 20:53,2026-03-01 23:28,Área de pendência,Área de pendência,Conforme
OPE00657,CGO00657,2026-01-25 13:09,2026-01-25 14:39,2026-01-25 14:44,2026-01-25 15:13,2026-01-25 17:32,Armazém geral,Armazém geral,Conforme
OPE00658,CGO00658,2026-01-25 12:47,2026-01-25 13:30,2026-01-25 14:11,2026-01-25 14:29,2026-01-25 21:04,Área refrigerada,Área de pendência,Não conforme
OPE00659,CGO00659,2026-01-25 12:46,2026-01-25 13:56,2026-01-25 14:56,2026-01-25 15:01,2026-01-25 20:22,Armazém geral,Armazém geral,Conforme
OPE00660,CGO00660,2026-01-25 13:32,2026-01-25 13:52,2026-01-25 14:35,2026-01-25 15:07,2026-01-25 16:48,Área DGR,Área DGR,Conforme
OPE00661,CGO00661,2026-01-25 12:47,2026-01-25 13:00,2026-01-25 14:00,2026-01-25 14:51,2026-01-25 16:49,Área DGR,Área DGR,Conforme
OPE00662,CGO00662,2026-01-25 12:50,2026-01-25 13:56,2026-01-25 14:24,2026-01-25 15:36,2026-01-25 18:36,Armazém geral,Armazém geral,Conforme
OPE00663,CGO00663,2026-01-25 13:47,2026-01-25 14:58,2026-01-25 15:28,2026-01-25 15:38,2026-01-25 17:12,Área de pendência,Área de pendência,Conforme
OPE00664,CGO00664,2026-01-25 13:47,2026-01-25 15:06,2026-01-25 16:02,2026-01-25 16:20,2026-01-25 20:56,Área de pendência,Área de pendência,Conforme
OPE00665,CGO00665,2026-01-25 13:11,2026-01-25 14:27,2026-01-25 14:32,2026-01-25 16:02,2026-01-25 16:47,Área de pendência,Área de pendência,Conforme
OPE00666,CGO00666,2026-01-25 13:53,2026-01-25 15:07,2026-01-25 15:38,2026-01-25 16:05,2026-01-25 16:35,Armazém geral,Armazém geral,Conforme
OPE00667,CGO00667,2026-01-25 12:39,2026-01-25 13:00,2026-01-25 13:16,2026-01-25 13:32,2026-01-25 14:07,Área de avaria,Área de avaria,Conforme
OPE00668,CGO00668,2026-01-25 12:49,2026-01-25 13:15,2026-01-25 13:39,2026-01-25 13:50,2026-01-25 15:33,Armazém geral,Armazém geral,Conforme
OPE00669,CGO00669,2026-01-25 13:54,2026-01-25 15:00,2026-01-25 15:21,2026-01-25 15:37,2026-01-25 18:35,Armazém geral,Armazém geral,Conforme
OPE00670,CGO00670,2026-01-25 13:14,2026-01-25 13:43,2026-01-25 14:22,2026-01-25 15:39,2026-01-25 18:00,Área DGR,Área DGR,Conforme
OPE00671,CGO00671,2026-03-13 06:40,2026-03-13 07:07,2026-03-13 07:41,2026-03-13 09:01,2026-03-13 11:55,Armazém geral,Armazém geral,Conforme
OPE00672,CGO00672,2026-03-13 06:23,2026-03-13 06:45,2026-03-13 07:01,2026-03-13 07:51,2026-03-13 10:20,Área de avaria,Área de avaria,Conforme
OPE00673,CGO00673,2026-03-13 06:11,2026-03-13 06:53,2026-03-13 07:44,2026-03-13 08:36,2026-03-13 11:09,Área refrigerada,Área refrigerada,Conforme
OPE00674,CGO00674,2026-03-13 06:31,2026-03-13 07:56,2026-03-13 08:02,2026-03-13 08:27,2026-03-13 10:13,Armazém geral,Armazém geral,Conforme
OPE00675,CGO00675,2026-03-13 05:46,2026-03-13 06:07,2026-03-13 06:31,2026-03-13 06:54,2026-03-13 09:21,Área segura,Área segura,Conforme
OPE00676,CGO00676,2026-03-13 06:35,2026-03-13 06:56,2026-03-13 07:47,2026-03-13 08:23,2026-03-13 11:15,Armazém geral,Armazém geral,Conforme
OPE00677,CGO00677,2026-03-13 07:05,2026-03-13 08:03,2026-03-13 09:01,2026-03-13 10:05,2026-03-13 10:59,Área perecível,Área perecível,Conforme
OPE00678,CGO00678,2026-03-13 06:24,2026-03-13 07:36,2026-03-13 08:23,2026-03-13 09:43,2026-03-13 13:49,Área de avaria,Área de avaria,Conforme
OPE00679,CGO00679,2026-02-25 09:43,2026-02-25 10:15,2026-02-25 10:30,2026-02-25 11:25,2026-02-25 12:22,Área DGR,Área DGR,Conforme
OPE00680,CGO00680,2026-02-25 09:48,2026-02-25 09:59,2026-02-25 10:35,2026-02-25 12:03,2026-02-25 15:58,Área de avaria,Área de avaria,Conforme
OPE00681,CGO00681,2026-02-25 09:39,2026-02-25 09:59,2026-02-25 10:13,2026-02-25 10:18,2026-02-25 11:54,Armazém geral,Armazém geral,Conforme
OPE00682,CGO00682,2026-02-25 09:48,2026-02-25 10:44,2026-02-25 10:52,2026-02-25 12:13,2026-02-25 13:47,Armazém geral,Armazém geral,Conforme
OPE00683,CGO00683,2026-02-25 08:54,2026-02-25 10:20,2026-02-25 10:32,2026-02-25 11:22,2026-02-25 14:47,Armazém geral,Armazém geral,Conforme
OPE00684,CGO00684,2026-02-25 10:23,2026-02-25 11:40,2026-02-25 12:21,2026-02-25 13:24,2026-02-25 19:16,Área de pendência,Área de pendência,Conforme
OPE00685,CGO00685,2026-02-25 09:00,2026-02-25 10:05,2026-02-25 10:17,2026-02-25 10:46,2026-02-25 12:33,Área de pendência,Área de pendência,Conforme
OPE00686,CGO00686,2026-02-25 09:25,2026-02-25 09:58,2026-02-25 10:20,2026-02-25 11:29,2026-02-25 13:41,Armazém geral,Armazém geral,Conforme
OPE00687,CGO00687,2026-02-25 09:49,2026-02-25 11:15,2026-02-25 12:10,2026-02-25 13:36,2026-02-25 15:02,Armazém geral,Armazém geral,Conforme
OPE00688,CGO00688,2026-03-19 21:34,2026-03-19 22:43,2026-03-19 23:42,2026-03-20 00:50,2026-03-20 02:03,Armazém geral,Armazém geral,Conforme
OPE00689,CGO00689,2026-03-19 22:02,2026-03-19 22:50,2026-03-19 23:13,2026-03-19 23:58,2026-03-20 06:38,Área refrigerada,Área refrigerada,Conforme
OPE00690,CGO00690,2026-03-19 21:42,2026-03-19 22:19,2026-03-19 22:31,2026-03-19 23:49,2026-03-20 04:55,Área de pendência,Área de pendência,Conforme
OPE00691,CGO00691,2026-03-19 21:43,2026-03-19 22:44,2026-03-19 23:20,2026-03-20 00:24,2026-03-20 02:49,Área segura,Área segura,Conforme
OPE00692,CGO00692,2026-03-19 21:27,2026-03-19 22:26,2026-03-19 23:08,2026-03-20 00:36,2026-03-20 02:53,Área de avaria,Área de avaria,Conforme
OPE00693,CGO00693,2026-03-19 21:17,2026-03-19 22:08,2026-03-19 22:52,2026-03-19 23:28,2026-03-20 01:58,Área refrigerada,Área refrigerada,Conforme
OPE00694,CGO00694,2026-03-19 21:35,2026-03-19 22:43,2026-03-19 23:11,2026-03-19 23:46,2026-03-20 01:07,Armazém geral,Armazém geral,Conforme
OPE00695,CGO00695,2026-03-19 21:45,2026-03-19 22:17,2026-03-19 22:51,2026-03-20 00:00,2026-03-20 01:54,Área perecível,Área perecível,Conforme
OPE00696,CGO00696,2026-03-19 22:04,2026-03-19 22:23,2026-03-19 23:18,2026-03-20 00:16,2026-03-20 03:03,Área DGR,Área DGR,Conforme
OPE00697,CGO00697,2026-03-19 22:47,2026-03-19 23:02,2026-03-19 23:30,2026-03-20 00:26,2026-03-20 03:06,Área perecível,Área perecível,Conforme
OPE00698,CGO00698,2026-03-19 22:39,2026-03-19 23:32,2026-03-19 23:46,2026-03-20 00:22,2026-03-20 04:32,Área segura,Área de pendência,Não conforme
OPE00699,CGO00699,2026-02-26 18:36,2026-02-26 19:23,2026-02-26 19:47,2026-02-26 20:12,2026-02-26 22:00,Armazém geral,Armazém geral,Conforme
OPE00700,CGO00700,2026-02-26 17:34,2026-02-26 17:47,2026-02-26 18:46,2026-02-26 19:18,2026-02-26 20:25,Armazém geral,Armazém geral,Conforme
OPE00701,CGO00701,2026-02-26 18:27,2026-02-26 18:56,2026-02-26 19:38,2026-02-26 20:47,2026-02-26 22:52,Armazém geral,Armazém geral,Conforme
OPE00702,CGO00702,2026-02-26 17:33,2026-02-26 18:22,2026-02-26 18:40,2026-02-26 19:13,2026-02-26 21:50,Área perecível,Área DGR,Não conforme
OPE00703,CGO00703,2026-02-26 17:17,2026-02-26 18:09,2026-02-26 18:46,2026-02-26 18:59,2026-02-26 21:45,Área DGR,Área DGR,Conforme
OPE00704,CGO00704,2026-02-26 18:33,2026-02-26 19:14,2026-02-26 19:33,2026-02-26 20:36,2026-02-26 22:14,Área perecível,Área perecível,Conforme
OPE00705,CGO00705,2026-02-26 18:42,2026-02-26 20:06,2026-02-26 20:41,2026-02-26 21:45,2026-02-27 02:58,Área perecível,Área perecível,Conforme
OPE00706,CGO00706,2026-02-25 11:06,2026-02-25 12:21,2026-02-25 12:44,2026-02-25 14:11,2026-02-25 16:57,Área refrigerada,Área refrigerada,Conforme
OPE00707,CGO00707,2026-02-25 11:10,2026-02-25 12:20,2026-02-25 12:56,2026-02-25 13:21,2026-02-25 15:41,Área de pendência,Área de pendência,Conforme
OPE00708,CGO00708,2026-02-25 11:09,2026-02-25 11:58,2026-02-25 12:23,2026-02-25 13:35,2026-02-25 20:01,Área DGR,Área perecível,Não conforme
OPE00709,CGO00709,2026-02-25 11:45,2026-02-25 12:48,2026-02-25 13:42,2026-02-25 14:21,2026-02-25 15:58,Armazém geral,Armazém geral,Conforme
OPE00710,CGO00710,2026-02-25 10:44,2026-02-25 11:48,2026-02-25 12:29,2026-02-25 13:24,2026-02-25 13:55,Armazém geral,Armazém geral,Conforme
OPE00711,CGO00711,2026-02-25 11:36,2026-02-25 12:18,2026-02-25 12:41,2026-02-25 13:33,2026-02-25 19:53,Área de avaria,Área de avaria,Conforme
OPE00712,CGO00712,2026-02-25 10:40,2026-02-25 11:58,2026-02-25 12:26,2026-02-25 13:27,2026-02-25 18:46,Armazém geral,Área de pendência,Não conforme
OPE00713,CGO00713,2026-02-25 11:14,2026-02-25 11:57,2026-02-25 12:37,2026-02-25 13:49,2026-02-25 14:24,Armazém geral,Armazém geral,Conforme
OPE00714,CGO00714,2026-02-25 10:32,2026-02-25 11:05,2026-02-25 11:30,2026-02-25 12:34,2026-02-25 14:36,Área de pendência,Área de pendência,Conforme
OPE00715,CGO00715,2026-01-03 10:29,2026-01-03 11:43,2026-01-03 12:43,2026-01-03 13:29,2026-01-03 16:04,Armazém geral,Armazém geral,Conforme
OPE00716,CGO00716,2026-01-03 10:36,2026-01-03 11:59,2026-01-03 12:33,2026-01-03 13:56,2026-01-03 15:14,Área de pendência,Área de pendência,Conforme
OPE00717,CGO00717,2026-01-03 11:23,2026-01-03 12:40,2026-01-03 13:34,2026-01-03 14:34,2026-01-03 20:39,Área perecível,Armazém geral,Não conforme
OPE00718,CGO00718,2026-01-03 10:50,2026-01-03 12:13,2026-01-03 12:40,2026-01-03 13:58,2026-01-03 15:05,Área refrigerada,Área refrigerada,Conforme
OPE00719,CGO00719,2026-01-03 10:51,2026-01-03 11:26,2026-01-03 11:50,2026-01-03 12:15,2026-01-03 16:38,Área segura,Área de pendência,Não conforme
OPE00720,CGO00720,2026-02-27 22:34,2026-02-28 00:01,2026-02-28 00:28,2026-02-28 01:13,2026-02-28 06:03,Área perecível,Área DGR,Não conforme
OPE00721,CGO00721,2026-02-27 21:38,2026-02-27 22:17,2026-02-27 23:06,2026-02-27 23:21,2026-02-28 01:30,Área de pendência,Área de pendência,Conforme
OPE00722,CGO00722,2026-02-27 22:12,2026-02-27 22:23,2026-02-27 22:36,2026-02-27 23:47,2026-02-28 02:17,Área de pendência,Área de pendência,Conforme
OPE00723,CGO00723,2026-02-27 21:19,2026-02-27 21:52,2026-02-27 22:20,2026-02-27 22:39,2026-02-28 02:33,Armazém geral,Armazém geral,Conforme
OPE00724,CGO00724,2026-02-27 22:32,2026-02-27 23:49,2026-02-28 00:04,2026-02-28 00:29,2026-02-28 06:33,Armazém geral,Armazém geral,Conforme
OPE00725,CGO00725,2026-02-27 21:25,2026-02-27 21:51,2026-02-27 22:10,2026-02-27 23:20,2026-02-28 01:02,Área perecível,Área perecível,Conforme
OPE00726,CGO00726,2026-02-08 18:25,2026-02-08 18:41,2026-02-08 19:36,2026-02-08 20:06,2026-02-08 20:39,Área refrigerada,Área refrigerada,Conforme
OPE00727,CGO00727,2026-02-08 18:18,2026-02-08 19:19,2026-02-08 19:52,2026-02-08 20:24,2026-02-08 22:01,Área refrigerada,Área refrigerada,Conforme
OPE00728,CGO00728,2026-02-08 18:07,2026-02-08 19:27,2026-02-08 20:01,2026-02-08 21:30,2026-02-09 02:22,Armazém geral,Armazém geral,Conforme
OPE00729,CGO00729,2026-02-08 17:15,2026-02-08 18:29,2026-02-08 18:45,2026-02-08 19:40,2026-02-08 22:20,Armazém geral,Armazém geral,Conforme
OPE00730,CGO00730,2026-02-08 18:17,2026-02-08 19:34,2026-02-08 20:12,2026-02-08 20:23,2026-02-08 22:25,Área DGR,Área DGR,Conforme
OPE00731,CGO00731,2026-02-08 18:36,2026-02-08 19:05,2026-02-08 19:44,2026-02-08 21:07,2026-02-08 22:28,Área DGR,Área DGR,Conforme
OPE00732,CGO00732,2026-02-08 18:35,2026-02-08 19:56,2026-02-08 20:43,2026-02-08 21:27,2026-02-09 00:14,Área de pendência,Área de pendência,Conforme
OPE00733,CGO00733,2026-02-08 17:22,2026-02-08 18:23,2026-02-08 18:35,2026-02-08 19:54,2026-02-08 21:02,Área de avaria,Área de avaria,Conforme
OPE00734,CGO00734,2026-02-08 17:34,2026-02-08 18:40,2026-02-08 19:04,2026-02-08 19:24,2026-02-08 21:21,Área refrigerada,Área refrigerada,Conforme
OPE00735,CGO00735,2026-02-08 18:07,2026-02-08 18:54,2026-02-08 19:13,2026-02-08 20:24,2026-02-09 02:03,Área perecível,Área perecível,Conforme
OPE00736,CGO00736,2026-02-03 04:25,2026-02-03 05:30,2026-02-03 06:17,2026-02-03 06:56,2026-02-03 13:59,Área DGR,Área DGR,Conforme
OPE00737,CGO00737,2026-02-03 03:40,2026-02-03 04:36,2026-02-03 05:18,2026-02-03 06:40,2026-02-03 08:50,Área de pendência,Área de pendência,Conforme
OPE00738,CGO00738,2026-02-03 04:30,2026-02-03 05:35,2026-02-03 06:22,2026-02-03 06:30,2026-02-03 07:46,Área refrigerada,Área refrigerada,Conforme
OPE00739,CGO00739,2026-02-03 03:55,2026-02-03 04:36,2026-02-03 04:58,2026-02-03 06:00,2026-02-03 07:53,Área de avaria,Área de avaria,Conforme
OPE00740,CGO00740,2026-02-03 04:46,2026-02-03 05:40,2026-02-03 06:34,2026-02-03 07:01,2026-02-03 07:53,Armazém geral,Armazém geral,Conforme
OPE00741,CGO00741,2026-02-03 04:31,2026-02-03 05:32,2026-02-03 05:57,2026-02-03 07:21,2026-02-03 08:38,Armazém geral,Armazém geral,Conforme
OPE00742,CGO00742,2026-02-13 22:26,2026-02-13 23:47,2026-02-14 00:26,2026-02-14 00:53,2026-02-14 01:42,Armazém geral,Armazém geral,Conforme
OPE00743,CGO00743,2026-02-13 21:35,2026-02-13 22:35,2026-02-13 22:48,2026-02-13 23:42,2026-02-14 03:19,Armazém geral,Armazém geral,Conforme
OPE00744,CGO00744,2026-02-13 22:12,2026-02-13 22:49,2026-02-13 23:03,2026-02-13 23:09,2026-02-13 23:44,Armazém geral,Armazém geral,Conforme
OPE00745,CGO00745,2026-02-13 22:04,2026-02-13 23:05,2026-02-13 23:50,2026-02-14 01:08,2026-02-14 03:17,Área de pendência,Área de pendência,Conforme
OPE00746,CGO00746,2026-02-13 21:30,2026-02-13 22:49,2026-02-13 23:16,2026-02-13 23:30,2026-02-14 00:34,Armazém geral,Armazém geral,Conforme
OPE00747,CGO00747,2026-02-13 21:54,2026-02-13 23:04,2026-02-13 23:43,2026-02-14 00:28,2026-02-14 04:27,Área refrigerada,Área refrigerada,Conforme
OPE00748,CGO00748,2026-03-14 03:50,2026-03-14 04:17,2026-03-14 04:47,2026-03-14 05:19,2026-03-14 07:08,Área refrigerada,Área refrigerada,Conforme
OPE00749,CGO00749,2026-03-14 03:35,2026-03-14 04:25,2026-03-14 05:25,2026-03-14 05:30,2026-03-14 06:13,Área de pendência,Área de pendência,Conforme
OPE00750,CGO00750,2026-03-14 02:51,2026-03-14 04:17,2026-03-14 05:11,2026-03-14 05:38,2026-03-14 06:15,Armazém geral,Armazém geral,Conforme
OPE00751,CGO00751,2026-03-14 03:12,2026-03-14 04:10,2026-03-14 04:59,2026-03-14 06:04,2026-03-14 10:45,Área de pendência,Área de pendência,Conforme
OPE00752,CGO00752,2026-03-14 02:22,2026-03-14 03:49,2026-03-14 03:57,2026-03-14 05:13,2026-03-14 09:08,Armazém geral,Armazém geral,Conforme
OPE00753,CGO00753,2026-03-14 03:07,2026-03-14 04:30,2026-03-14 04:46,2026-03-14 05:47,2026-03-14 07:34,Armazém geral,Armazém geral,Conforme
OPE00754,CGO00754,2026-03-14 03:38,2026-03-14 04:31,2026-03-14 05:05,2026-03-14 06:34,2026-03-14 08:43,Armazém geral,Armazém geral,Conforme
OPE00755,CGO00755,2026-03-14 02:44,2026-03-14 03:45,2026-03-14 03:52,2026-03-14 04:42,2026-03-14 07:14,Armazém geral,Armazém geral,Conforme
OPE00756,CGO00756,2026-03-14 03:40,2026-03-14 04:44,2026-03-14 05:14,2026-03-14 06:14,2026-03-14 09:07,Área segura,Área DGR,Não conforme
OPE00757,CGO00757,2026-03-14 03:35,2026-03-14 04:58,2026-03-14 05:37,2026-03-14 06:04,2026-03-14 11:37,Área segura,Área refrigerada,Não conforme
OPE00758,CGO00758,2026-03-09 12:36,2026-03-09 13:59,2026-03-09 14:44,2026-03-09 16:07,2026-03-09 19:06,Área de pendência,Área de pendência,Conforme
OPE00759,CGO00759,2026-03-09 12:43,2026-03-09 13:47,2026-03-09 14:35,2026-03-09 15:53,2026-03-09 17:42,Armazém geral,Armazém geral,Conforme
OPE00760,CGO00760,2026-03-09 12:34,2026-03-09 13:46,2026-03-09 14:07,2026-03-09 15:28,2026-03-09 17:34,Área DGR,Área DGR,Conforme
OPE00761,CGO00761,2026-03-09 12:23,2026-03-09 12:48,2026-03-09 13:18,2026-03-09 13:48,2026-03-09 16:40,Armazém geral,Armazém geral,Conforme
OPE00762,CGO00762,2026-03-09 12:33,2026-03-09 12:53,2026-03-09 13:46,2026-03-09 13:59,2026-03-09 16:03,Área perecível,Área perecível,Conforme
OPE00763,CGO00763,2026-03-09 12:32,2026-03-09 13:26,2026-03-09 14:00,2026-03-09 14:30,2026-03-09 18:42,Área segura,Área perecível,Não conforme
OPE00764,CGO00764,2026-03-09 13:17,2026-03-09 14:03,2026-03-09 14:43,2026-03-09 15:08,2026-03-09 16:59,Armazém geral,Armazém geral,Conforme
OPE00765,CGO00765,2026-03-09 12:14,2026-03-09 12:42,2026-03-09 12:53,2026-03-09 13:27,2026-03-09 20:46,Área refrigerada,Área refrigerada,Conforme
OPE00766,CGO00766,2026-03-09 12:38,2026-03-09 13:06,2026-03-09 13:29,2026-03-09 14:55,2026-03-09 17:04,Área perecível,Área perecível,Conforme
OPE00767,CGO00767,2026-03-09 12:39,2026-03-09 13:40,2026-03-09 13:53,2026-03-09 15:18,2026-03-09 17:31,Armazém geral,Armazém geral,Conforme
OPE00768,CGO00768,2026-03-09 13:42,2026-03-09 14:59,2026-03-09 15:17,2026-03-09 15:53,2026-03-09 17:11,Área perecível,Área perecível,Conforme
OPE00769,CGO00769,2026-03-09 13:00,2026-03-09 13:28,2026-03-09 14:03,2026-03-09 14:21,2026-03-09 16:46,Área perecível,Área perecível,Conforme
OPE00770,CGO00770,2026-01-28 18:22,2026-01-28 18:51,2026-01-28 19:37,2026-01-28 20:33,2026-01-28 21:53,Armazém geral,Armazém geral,Conforme
OPE00771,CGO00771,2026-01-28 18:28,2026-01-28 19:45,2026-01-28 20:37,2026-01-28 22:02,2026-01-28 22:56,Área segura,Área segura,Conforme
OPE00772,CGO00772,2026-01-28 17:50,2026-01-28 19:14,2026-01-28 20:12,2026-01-28 21:14,2026-01-28 23:18,Armazém geral,Armazém geral,Conforme
OPE00773,CGO00773,2026-01-28 17:41,2026-01-28 18:05,2026-01-28 18:52,2026-01-28 19:15,2026-01-28 20:09,Área refrigerada,Área refrigerada,Conforme
OPE00774,CGO00774,2026-01-28 18:06,2026-01-28 19:30,2026-01-28 20:11,2026-01-28 20:39,2026-01-28 21:14,Área segura,Área segura,Conforme
OPE00775,CGO00775,2026-01-28 17:29,2026-01-28 17:53,2026-01-28 18:48,2026-01-28 20:18,2026-01-28 22:29,Área de pendência,Área de pendência,Conforme
OPE00776,CGO00776,2026-01-28 17:16,2026-01-28 17:56,2026-01-28 18:45,2026-01-28 19:29,2026-01-28 21:49,Área de pendência,Área de pendência,Conforme
OPE00777,CGO00777,2026-01-28 17:11,2026-01-28 18:34,2026-01-28 18:40,2026-01-28 19:23,2026-01-28 21:02,Área refrigerada,Área refrigerada,Conforme
OPE00778,CGO00778,2026-01-28 17:43,2026-01-28 19:03,2026-01-28 19:20,2026-01-28 20:27,2026-01-28 21:18,Armazém geral,Armazém geral,Conforme
OPE00779,CGO00779,2026-01-28 17:23,2026-01-28 18:04,2026-01-28 18:13,2026-01-28 18:40,2026-01-28 19:49,Área de pendência,Área de pendência,Conforme
OPE00780,CGO00780,2026-01-28 17:29,2026-01-28 18:53,2026-01-28 19:38,2026-01-28 20:41,2026-01-28 22:35,Área DGR,Área DGR,Conforme
OPE00781,CGO00781,2026-01-28 17:39,2026-01-28 18:15,2026-01-28 18:23,2026-01-28 18:38,2026-01-28 21:23,Armazém geral,Armazém geral,Conforme
OPE00782,CGO00782,2026-01-24 22:04,2026-01-24 22:29,2026-01-24 23:18,2026-01-24 23:32,2026-01-25 01:24,Área de pendência,Área de pendência,Conforme
OPE00783,CGO00783,2026-01-24 22:34,2026-01-24 23:16,2026-01-25 00:13,2026-01-25 01:02,2026-01-25 03:47,Armazém geral,Área de avaria,Não conforme
OPE00784,CGO00784,2026-01-24 21:50,2026-01-24 22:57,2026-01-24 23:02,2026-01-24 23:18,2026-01-25 01:43,Armazém geral,Armazém geral,Conforme
OPE00785,CGO00785,2026-01-24 22:39,2026-01-24 23:48,2026-01-25 00:13,2026-01-25 01:09,2026-01-25 03:17,Armazém geral,Armazém geral,Conforme
OPE00786,CGO00786,2026-01-24 22:02,2026-01-24 22:31,2026-01-24 23:13,2026-01-24 23:41,2026-01-25 02:43,Área de pendência,Área de pendência,Conforme
OPE00787,CGO00787,2026-01-30 14:06,2026-01-30 15:33,2026-01-30 15:56,2026-01-30 16:19,2026-01-30 18:55,Armazém geral,Armazém geral,Conforme
OPE00788,CGO00788,2026-01-30 13:20,2026-01-30 14:46,2026-01-30 14:59,2026-01-30 16:11,2026-01-30 18:16,Armazém geral,Armazém geral,Conforme
OPE00789,CGO00789,2026-01-30 13:46,2026-01-30 14:25,2026-01-30 15:25,2026-01-30 16:10,2026-01-30 18:41,Armazém geral,Armazém geral,Conforme
OPE00790,CGO00790,2026-01-30 13:34,2026-01-30 14:59,2026-01-30 15:43,2026-01-30 16:18,2026-01-30 17:51,Área de pendência,Área de pendência,Conforme
OPE00791,CGO00791,2026-01-30 14:38,2026-01-30 15:22,2026-01-30 15:31,2026-01-30 16:33,2026-01-30 21:03,Armazém geral,Armazém geral,Conforme
OPE00792,CGO00792,2026-01-30 14:07,2026-01-30 14:57,2026-01-30 15:40,2026-01-30 16:53,2026-01-30 18:11,Área perecível,Área perecível,Conforme
OPE00793,CGO00793,2026-01-30 13:59,2026-01-30 14:10,2026-01-30 14:34,2026-01-30 15:12,2026-01-30 16:57,Área perecível,Área de avaria,Não conforme
OPE00794,CGO00794,2026-01-30 14:42,2026-01-30 15:32,2026-01-30 15:43,2026-01-30 16:23,2026-01-30 17:43,Armazém geral,Armazém geral,Conforme
OPE00795,CGO00795,2026-01-30 14:06,2026-01-30 15:03,2026-01-30 15:17,2026-01-30 16:02,2026-01-30 18:08,Área de pendência,Área de pendência,Conforme
OPE00796,CGO00796,2026-01-30 14:41,2026-01-30 16:03,2026-01-30 16:10,2026-01-30 17:20,2026-01-30 19:35,Armazém geral,Armazém geral,Conforme
OPE00797,CGO00797,2026-01-30 14:12,2026-01-30 15:15,2026-01-30 16:01,2026-01-30 16:56,2026-01-30 19:46,Armazém geral,Armazém geral,Conforme
OPE00798,CGO00798,2026-01-30 13:11,2026-01-30 13:49,2026-01-30 14:24,2026-01-30 14:34,2026-01-30 18:58,Armazém geral,Armazém geral,Conforme
OPE00799,CGO00799,2026-01-06 14:05,2026-01-06 14:42,2026-01-06 14:56,2026-01-06 16:09,2026-01-06 20:56,Área refrigerada,Área refrigerada,Conforme
OPE00800,CGO00800,2026-01-06 14:20,2026-01-06 15:21,2026-01-06 15:39,2026-01-06 16:07,2026-01-06 20:19,Área perecível,Área perecível,Conforme
OPE00801,CGO00801,2026-01-06 13:38,2026-01-06 14:30,2026-01-06 14:48,2026-01-06 15:56,2026-01-06 18:05,Armazém geral,Armazém geral,Conforme
OPE00802,CGO00802,2026-01-06 14:40,2026-01-06 15:21,2026-01-06 15:30,2026-01-06 16:53,2026-01-06 21:12,Área de pendência,Área de pendência,Conforme
OPE00803,CGO00803,2026-01-06 13:41,2026-01-06 14:06,2026-01-06 14:51,2026-01-06 14:59,2026-01-06 17:30,Armazém geral,Armazém geral,Conforme
OPE00804,CGO00804,2026-03-31 00:39,2026-03-31 01:41,2026-03-31 01:57,2026-03-31 02:03,2026-03-31 02:44,Armazém geral,Armazém geral,Conforme
OPE00805,CGO00805,2026-03-31 01:08,2026-03-31 02:15,2026-03-31 03:11,2026-03-31 03:16,2026-03-31 09:04,Área DGR,Área DGR,Conforme
OPE00806,CGO00806,2026-03-31 00:21,2026-03-31 01:15,2026-03-31 01:46,2026-03-31 02:13,2026-03-31 04:18,Armazém geral,Armazém geral,Conforme
OPE00807,CGO00807,2026-03-31 00:57,2026-03-31 01:39,2026-03-31 01:52,2026-03-31 02:39,2026-03-31 05:08,Área DGR,Área DGR,Conforme
OPE00808,CGO00808,2026-03-31 01:15,2026-03-31 01:45,2026-03-31 02:44,2026-03-31 04:02,2026-03-31 06:51,Área de pendência,Área de pendência,Conforme
OPE00809,CGO00809,2026-03-31 00:27,2026-03-31 01:47,2026-03-31 02:17,2026-03-31 03:28,2026-03-31 05:38,Área DGR,Área DGR,Conforme
OPE00810,CGO00810,2026-03-31 00:04,2026-03-31 00:14,2026-03-31 01:09,2026-03-31 02:18,2026-03-31 04:54,Área refrigerada,Área refrigerada,Conforme
OPE00811,CGO00811,2026-01-27 23:40,2026-01-28 00:44,2026-01-28 01:11,2026-01-28 02:40,2026-01-28 04:26,Armazém geral,Armazém geral,Conforme
OPE00812,CGO00812,2026-01-27 23:29,2026-01-28 00:42,2026-01-28 01:07,2026-01-28 01:56,2026-01-28 08:09,Área de pendência,Área de pendência,Conforme
OPE00813,CGO00813,2026-01-28 00:56,2026-01-28 02:26,2026-01-28 02:37,2026-01-28 03:40,2026-01-28 05:36,Armazém geral,Armazém geral,Conforme
OPE00814,CGO00814,2026-01-28 00:40,2026-01-28 00:53,2026-01-28 01:30,2026-01-28 02:31,2026-01-28 08:30,Armazém geral,Armazém geral,Conforme
OPE00815,CGO00815,2026-01-28 00:19,2026-01-28 00:43,2026-01-28 01:31,2026-01-28 01:55,2026-01-28 02:44,Armazém geral,Armazém geral,Conforme
OPE00816,CGO00816,2026-01-28 00:39,2026-01-28 01:52,2026-01-28 02:11,2026-01-28 03:12,2026-01-28 04:11,Armazém geral,Armazém geral,Conforme
OPE00817,CGO00817,2026-01-28 00:20,2026-01-28 00:32,2026-01-28 01:22,2026-01-28 02:34,2026-01-28 04:38,Área refrigerada,Área refrigerada,Conforme
OPE00818,CGO00818,2026-01-28 00:50,2026-01-28 01:45,2026-01-28 02:20,2026-01-28 03:16,2026-01-28 04:48,Área DGR,Área DGR,Conforme
OPE00819,CGO00819,2026-01-28 00:12,2026-01-28 01:33,2026-01-28 01:54,2026-01-28 03:00,2026-01-28 04:46,Armazém geral,Armazém geral,Conforme
OPE00820,CGO00820,2026-01-02 11:11,2026-01-02 11:48,2026-01-02 11:59,2026-01-02 12:26,2026-01-02 15:14,Área de avaria,Área de avaria,Conforme
OPE00821,CGO00821,2026-01-02 10:19,2026-01-02 11:41,2026-01-02 11:56,2026-01-02 12:32,2026-01-02 14:47,Armazém geral,Armazém geral,Conforme
OPE00822,CGO00822,2026-01-02 11:00,2026-01-02 11:13,2026-01-02 11:30,2026-01-02 13:00,2026-01-02 15:05,Armazém geral,Armazém geral,Conforme
OPE00823,CGO00823,2026-01-02 11:46,2026-01-02 12:16,2026-01-02 12:36,2026-01-02 13:57,2026-01-02 16:34,Área perecível,Área perecível,Conforme
OPE00824,CGO00824,2026-01-02 11:09,2026-01-02 12:02,2026-01-02 12:26,2026-01-02 13:39,2026-01-02 19:18,Área DGR,Área de avaria,Não conforme
OPE00825,CGO00825,2026-01-02 11:28,2026-01-02 12:58,2026-01-02 13:07,2026-01-02 13:44,2026-01-02 15:23,Armazém geral,Armazém geral,Conforme
OPE00826,CGO00826,2026-01-02 10:34,2026-01-02 11:26,2026-01-02 12:04,2026-01-02 13:01,2026-01-02 15:19,Área de pendência,Área de pendência,Conforme
OPE00827,CGO00827,2026-03-30 16:56,2026-03-30 17:49,2026-03-30 18:05,2026-03-30 19:32,2026-03-30 21:37,Armazém geral,Armazém geral,Conforme
OPE00828,CGO00828,2026-03-30 16:45,2026-03-30 17:45,2026-03-30 17:50,2026-03-30 18:03,2026-03-31 00:24,Área perecível,Área perecível,Conforme
OPE00829,CGO00829,2026-03-30 17:12,2026-03-30 17:28,2026-03-30 17:35,2026-03-30 17:48,2026-03-30 23:55,Armazém geral,Armazém geral,Conforme
OPE00830,CGO00830,2026-03-30 16:05,2026-03-30 16:44,2026-03-30 17:03,2026-03-30 18:27,2026-03-30 20:05,Armazém geral,Armazém geral,Conforme
OPE00831,CGO00831,2026-03-30 16:24,2026-03-30 17:00,2026-03-30 17:39,2026-03-30 19:02,2026-03-31 00:26,Área refrigerada,Área refrigerada,Conforme
OPE00832,CGO00832,2026-03-30 16:24,2026-03-30 17:31,2026-03-30 17:49,2026-03-30 18:23,2026-03-31 00:17,Armazém geral,Armazém geral,Conforme
OPE00833,CGO00833,2026-03-30 16:22,2026-03-30 16:50,2026-03-30 17:40,2026-03-30 17:54,2026-03-30 20:00,Área perecível,Área perecível,Conforme
OPE00834,CGO00834,2026-03-30 16:35,2026-03-30 16:48,2026-03-30 17:36,2026-03-30 18:53,2026-03-30 19:39,Armazém geral,Armazém geral,Conforme
OPE00835,CGO00835,2026-03-30 16:29,2026-03-30 16:50,2026-03-30 17:22,2026-03-30 17:59,2026-03-30 19:37,Armazém geral,Armazém geral,Conforme
OPE00836,CGO00836,2026-03-30 15:39,2026-03-30 16:37,2026-03-30 17:05,2026-03-30 17:16,2026-03-30 18:09,Área de avaria,Área de avaria,Conforme
OPE00837,CGO00837,2026-03-30 16:12,2026-03-30 16:40,2026-03-30 17:39,2026-03-30 18:39,2026-03-30 19:56,Armazém geral,Armazém geral,Conforme
OPE00838,CGO00838,2026-03-30 17:09,2026-03-30 17:41,2026-03-30 18:04,2026-03-30 19:19,2026-03-30 21:37,Área refrigerada,Área refrigerada,Conforme
OPE00839,CGO00839,2026-01-09 11:20,2026-01-09 11:31,2026-01-09 11:56,2026-01-09 12:22,2026-01-09 15:03,Área DGR,Área DGR,Conforme
OPE00840,CGO00840,2026-01-09 10:27,2026-01-09 11:50,2026-01-09 12:45,2026-01-09 13:25,2026-01-09 15:51,Área perecível,Área perecível,Conforme
OPE00841,CGO00841,2026-01-09 10:47,2026-01-09 11:59,2026-01-09 12:47,2026-01-09 13:42,2026-01-09 15:55,Armazém geral,Armazém geral,Conforme
OPE00842,CGO00842,2026-01-09 11:16,2026-01-09 11:58,2026-01-09 12:36,2026-01-09 13:33,2026-01-09 16:10,Área segura,Área segura,Conforme
OPE00843,CGO00843,2026-01-09 09:43,2026-01-09 10:33,2026-01-09 11:09,2026-01-09 11:39,2026-01-09 13:04,Armazém geral,Armazém geral,Conforme
OPE00844,CGO00844,2026-01-09 10:11,2026-01-09 10:39,2026-01-09 10:45,2026-01-09 11:19,2026-01-09 12:53,Área segura,Área segura,Conforme
OPE00845,CGO00845,2026-01-09 09:58,2026-01-09 10:20,2026-01-09 10:43,2026-01-09 11:35,2026-01-09 18:00,Área perecível,Área perecível,Conforme
OPE00846,CGO00846,2026-01-09 10:14,2026-01-09 10:31,2026-01-09 10:37,2026-01-09 11:47,2026-01-09 16:44,Área de pendência,Área de pendência,Conforme
OPE00847,CGO00847,2026-01-09 11:05,2026-01-09 12:25,2026-01-09 13:16,2026-01-09 14:33,2026-01-09 15:42,Área de pendência,Área de pendência,Conforme
OPE00848,CGO00848,2026-01-09 10:58,2026-01-09 11:57,2026-01-09 12:19,2026-01-09 13:14,2026-01-09 13:55,Armazém geral,Armazém geral,Conforme
OPE00849,CGO00849,2026-01-09 10:06,2026-01-09 10:16,2026-01-09 10:25,2026-01-09 10:50,2026-01-09 12:27,Armazém geral,Armazém geral,Conforme
OPE00850,CGO00850,2026-01-09 10:23,2026-01-09 11:51,2026-01-09 12:42,2026-01-09 13:34,2026-01-09 15:10,Área de pendência,Área de pendência,Conforme
OPE00851,CGO00851,2026-01-09 11:11,2026-01-09 12:36,2026-01-09 13:14,2026-01-09 13:54,2026-01-09 15:26,Área refrigerada,Área refrigerada,Conforme
OPE00852,CGO00852,2026-03-06 06:19,2026-03-06 06:41,2026-03-06 07:30,2026-03-06 08:44,2026-03-06 10:59,Área refrigerada,Área refrigerada,Conforme
OPE00853,CGO00853,2026-03-06 06:07,2026-03-06 07:12,2026-03-06 07:42,2026-03-06 08:42,2026-03-06 11:13,Área refrigerada,Área refrigerada,Conforme
OPE00854,CGO00854,2026-03-06 06:27,2026-03-06 07:28,2026-03-06 08:00,2026-03-06 08:35,2026-03-06 09:47,Área de avaria,Área de avaria,Conforme
OPE00855,CGO00855,2026-03-06 06:11,2026-03-06 06:40,2026-03-06 06:48,2026-03-06 06:53,2026-03-06 11:08,Armazém geral,Armazém geral,Conforme
OPE00856,CGO00856,2026-03-06 06:24,2026-03-06 06:55,2026-03-06 07:25,2026-03-06 08:32,2026-03-06 12:31,Armazém geral,Armazém geral,Conforme
OPE00857,CGO00857,2026-03-06 06:57,2026-03-06 07:52,2026-03-06 08:29,2026-03-06 09:13,2026-03-06 11:25,Armazém geral,Armazém geral,Conforme
OPE00858,CGO00858,2026-02-11 12:54,2026-02-11 13:13,2026-02-11 13:36,2026-02-11 14:23,2026-02-11 17:21,Área de avaria,Área de avaria,Conforme
OPE00859,CGO00859,2026-02-11 14:05,2026-02-11 14:41,2026-02-11 15:16,2026-02-11 16:44,2026-02-11 18:18,Área refrigerada,Área refrigerada,Conforme
OPE00860,CGO00860,2026-02-11 13:59,2026-02-11 14:49,2026-02-11 15:42,2026-02-11 16:59,2026-02-11 18:16,Armazém geral,Área de pendência,Não conforme
OPE00861,CGO00861,2026-02-11 13:05,2026-02-11 14:20,2026-02-11 15:03,2026-02-11 16:11,2026-02-11 17:32,Área de avaria,Área de avaria,Conforme
OPE00862,CGO00862,2026-02-11 13:00,2026-02-11 13:37,2026-02-11 13:51,2026-02-11 14:38,2026-02-11 18:42,Área DGR,Área DGR,Conforme
OPE00863,CGO00863,2026-02-11 13:27,2026-02-11 14:52,2026-02-11 15:37,2026-02-11 15:50,2026-02-11 18:06,Área perecível,Área perecível,Conforme
OPE00864,CGO00864,2026-01-29 21:10,2026-01-29 22:10,2026-01-29 22:15,2026-01-29 23:15,2026-01-30 05:35,Área perecível,Área perecível,Conforme
OPE00865,CGO00865,2026-01-29 20:42,2026-01-29 21:04,2026-01-29 21:17,2026-01-29 21:55,2026-01-30 02:38,Área refrigerada,Área refrigerada,Conforme
OPE00866,CGO00866,2026-01-29 20:40,2026-01-29 21:20,2026-01-29 21:29,2026-01-29 22:08,2026-01-29 23:07,Área refrigerada,Área refrigerada,Conforme
OPE00867,CGO00867,2026-01-29 21:02,2026-01-29 22:01,2026-01-29 22:57,2026-01-29 23:26,2026-01-30 00:40,Armazém geral,Área perecível,Não conforme
OPE00868,CGO00868,2026-01-29 22:16,2026-01-29 23:21,2026-01-29 23:32,2026-01-30 00:42,2026-01-30 02:55,Armazém geral,Armazém geral,Conforme
OPE00869,CGO00869,2026-01-29 22:04,2026-01-29 23:17,2026-01-29 23:57,2026-01-30 01:00,2026-01-30 03:04,Área DGR,Área DGR,Conforme
OPE00870,CGO00870,2026-01-29 20:40,2026-01-29 21:30,2026-01-29 22:30,2026-01-29 23:34,2026-01-30 06:04,Armazém geral,Armazém geral,Conforme
OPE00871,CGO00871,2026-01-29 20:44,2026-01-29 21:07,2026-01-29 21:15,2026-01-29 21:58,2026-01-29 23:03,Armazém geral,Armazém geral,Conforme
OPE00872,CGO00872,2026-01-29 21:43,2026-01-29 22:32,2026-01-29 23:24,2026-01-30 00:07,2026-01-30 00:43,Área de avaria,Área de avaria,Conforme
OPE00873,CGO00873,2026-01-29 22:18,2026-01-29 23:10,2026-01-29 23:35,2026-01-29 23:55,2026-01-30 05:54,Área de pendência,Área refrigerada,Não conforme
OPE00874,CGO00874,2026-01-29 21:53,2026-01-29 23:12,2026-01-29 23:36,2026-01-30 00:51,2026-01-30 01:46,Área de pendência,Área de pendência,Conforme
OPE00875,CGO00875,2026-02-12 14:51,2026-02-12 15:11,2026-02-12 15:37,2026-02-12 16:03,2026-02-12 22:29,Armazém geral,Área de avaria,Não conforme
OPE00876,CGO00876,2026-02-12 14:54,2026-02-12 16:17,2026-02-12 17:12,2026-02-12 17:41,2026-02-12 19:11,Armazém geral,Armazém geral,Conforme
OPE00877,CGO00877,2026-02-12 15:34,2026-02-12 16:20,2026-02-12 16:42,2026-02-12 17:18,2026-02-12 18:19,Armazém geral,Armazém geral,Conforme
OPE00878,CGO00878,2026-02-12 15:33,2026-02-12 16:06,2026-02-12 17:03,2026-02-12 18:30,2026-02-12 20:03,Armazém geral,Armazém geral,Conforme
OPE00879,CGO00879,2026-02-12 14:34,2026-02-12 15:57,2026-02-12 16:02,2026-02-12 17:30,2026-02-12 18:28,Área DGR,Área DGR,Conforme
OPE00880,CGO00880,2026-02-12 15:12,2026-02-12 16:10,2026-02-12 16:57,2026-02-12 18:08,2026-02-12 20:31,Armazém geral,Armazém geral,Conforme
OPE00881,CGO00881,2026-01-26 03:42,2026-01-26 04:50,2026-01-26 05:28,2026-01-26 06:10,2026-01-26 07:08,Armazém geral,Armazém geral,Conforme
OPE00882,CGO00882,2026-01-26 04:13,2026-01-26 04:51,2026-01-26 05:24,2026-01-26 05:54,2026-01-26 07:34,Área perecível,Área perecível,Conforme
OPE00883,CGO00883,2026-01-26 04:24,2026-01-26 05:02,2026-01-26 05:42,2026-01-26 06:52,2026-01-26 07:59,Área de pendência,Área de pendência,Conforme
OPE00884,CGO00884,2026-01-26 03:37,2026-01-26 03:55,2026-01-26 04:36,2026-01-26 04:54,2026-01-26 06:36,Armazém geral,Armazém geral,Conforme
OPE00885,CGO00885,2026-01-26 03:58,2026-01-26 05:28,2026-01-26 06:04,2026-01-26 07:16,2026-01-26 13:28,Área de avaria,Área de avaria,Conforme
OPE00886,CGO00886,2026-02-05 01:20,2026-02-05 02:30,2026-02-05 03:23,2026-02-05 03:58,2026-02-05 06:34,Armazém geral,Armazém geral,Conforme
OPE00887,CGO00887,2026-02-05 02:09,2026-02-05 02:28,2026-02-05 02:39,2026-02-05 03:54,2026-02-05 06:43,Área de pendência,Área de pendência,Conforme
OPE00888,CGO00888,2026-02-05 01:53,2026-02-05 02:18,2026-02-05 02:28,2026-02-05 03:05,2026-02-05 05:52,Área de pendência,Área de pendência,Conforme
OPE00889,CGO00889,2026-02-05 01:02,2026-02-05 02:04,2026-02-05 02:30,2026-02-05 02:47,2026-02-05 07:32,Área perecível,Área perecível,Conforme
OPE00890,CGO00890,2026-02-05 00:40,2026-02-05 01:12,2026-02-05 01:29,2026-02-05 02:00,2026-02-05 03:45,Armazém geral,Armazém geral,Conforme
OPE00891,CGO00891,2026-02-05 02:12,2026-02-05 03:00,2026-02-05 03:58,2026-02-05 04:58,2026-02-05 05:44,Armazém geral,Armazém geral,Conforme
OPE00892,CGO00892,2026-02-05 00:48,2026-02-05 01:08,2026-02-05 02:01,2026-02-05 02:26,2026-02-05 03:35,Armazém geral,Armazém geral,Conforme
OPE00893,CGO00893,2026-02-05 01:50,2026-02-05 03:14,2026-02-05 03:40,2026-02-05 04:42,2026-02-05 07:28,Área DGR,Área DGR,Conforme
OPE00894,CGO00894,2026-02-05 02:13,2026-02-05 02:25,2026-02-05 02:42,2026-02-05 03:38,2026-02-05 06:25,Armazém geral,Armazém geral,Conforme
OPE00895,CGO00895,2026-02-05 00:49,2026-02-05 02:10,2026-02-05 02:45,2026-02-05 03:40,2026-02-05 06:38,Área de pendência,Área de pendência,Conforme
OPE00896,CGO00896,2026-02-05 01:52,2026-02-05 03:11,2026-02-05 03:20,2026-02-05 03:55,2026-02-05 04:46,Área segura,Área segura,Conforme
OPE00897,CGO00897,2026-01-18 11:30,2026-01-18 12:21,2026-01-18 12:55,2026-01-18 13:21,2026-01-18 14:24,Armazém geral,Armazém geral,Conforme
OPE00898,CGO00898,2026-01-18 11:32,2026-01-18 12:38,2026-01-18 13:33,2026-01-18 14:46,2026-01-18 15:30,Área refrigerada,Área refrigerada,Conforme
OPE00899,CGO00899,2026-01-18 11:57,2026-01-18 12:44,2026-01-18 13:05,2026-01-18 13:30,2026-01-18 19:02,Armazém geral,Armazém geral,Conforme
OPE00900,CGO00900,2026-01-18 11:23,2026-01-18 11:38,2026-01-18 12:21,2026-01-18 12:32,2026-01-18 17:24,Armazém geral,Armazém geral,Conforme
OPE00901,CGO00901,2026-01-18 12:44,2026-01-18 13:00,2026-01-18 13:28,2026-01-18 14:12,2026-01-18 17:09,Área segura,Área segura,Conforme
OPE00902,CGO00902,2026-01-18 12:38,2026-01-18 13:59,2026-01-18 14:33,2026-01-18 15:57,2026-01-18 16:31,Armazém geral,Armazém geral,Conforme
OPE00903,CGO00903,2026-01-18 11:35,2026-01-18 12:35,2026-01-18 12:56,2026-01-18 14:08,2026-01-18 18:20,Armazém geral,Armazém geral,Conforme
OPE00904,CGO00904,2026-01-18 11:28,2026-01-18 11:56,2026-01-18 12:45,2026-01-18 13:41,2026-01-18 20:10,Armazém geral,Armazém geral,Conforme
OPE00905,CGO00905,2026-02-18 06:59,2026-02-18 07:29,2026-02-18 07:56,2026-02-18 08:48,2026-02-18 09:28,Área de avaria,Área de avaria,Conforme
OPE00906,CGO00906,2026-02-18 07:43,2026-02-18 07:55,2026-02-18 08:42,2026-02-18 08:57,2026-02-18 10:45,Área perecível,Área perecível,Conforme
OPE00907,CGO00907,2026-02-18 06:57,2026-02-18 07:37,2026-02-18 08:17,2026-02-18 09:26,2026-02-18 11:06,Área perecível,Área perecível,Conforme
OPE00908,CGO00908,2026-02-18 06:36,2026-02-18 07:13,2026-02-18 07:31,2026-02-18 08:21,2026-02-18 11:05,Armazém geral,Armazém geral,Conforme
OPE00909,CGO00909,2026-02-18 07:08,2026-02-18 08:25,2026-02-18 08:59,2026-02-18 09:19,2026-02-18 10:39,Área de avaria,Área de avaria,Conforme
OPE00910,CGO00910,2026-02-18 06:20,2026-02-18 07:48,2026-02-18 08:41,2026-02-18 09:50,2026-02-18 15:12,Armazém geral,Armazém geral,Conforme
OPE00911,CGO00911,2026-02-18 07:03,2026-02-18 07:27,2026-02-18 08:07,2026-02-18 08:28,2026-02-18 11:12,Área de pendência,Área de pendência,Conforme
OPE00912,CGO00912,2026-02-18 07:26,2026-02-18 07:51,2026-02-18 08:42,2026-02-18 09:40,2026-02-18 11:04,Área DGR,Área DGR,Conforme
OPE00913,CGO00913,2026-02-18 07:23,2026-02-18 08:09,2026-02-18 08:20,2026-02-18 09:34,2026-02-18 11:03,Área refrigerada,Área refrigerada,Conforme
OPE00914,CGO00914,2026-01-25 11:34,2026-01-25 12:21,2026-01-25 12:34,2026-01-25 13:45,2026-01-25 14:25,Armazém geral,Armazém geral,Conforme
OPE00915,CGO00915,2026-01-25 13:05,2026-01-25 13:20,2026-01-25 13:58,2026-01-25 14:15,2026-01-25 19:53,Área perecível,Área perecível,Conforme
OPE00916,CGO00916,2026-01-25 11:42,2026-01-25 12:14,2026-01-25 13:08,2026-01-25 13:40,2026-01-25 15:37,Área DGR,Área DGR,Conforme
OPE00917,CGO00917,2026-01-25 11:48,2026-01-25 13:17,2026-01-25 13:35,2026-01-25 14:47,2026-01-25 16:31,Armazém geral,Armazém geral,Conforme
OPE00918,CGO00918,2026-01-25 12:13,2026-01-25 13:01,2026-01-25 13:21,2026-01-25 14:27,2026-01-25 17:17,Armazém geral,Armazém geral,Conforme
OPE00919,CGO00919,2026-01-25 12:58,2026-01-25 13:10,2026-01-25 13:53,2026-01-25 14:04,2026-01-25 17:49,Área refrigerada,Área refrigerada,Conforme
OPE00920,CGO00920,2026-01-25 12:18,2026-01-25 13:05,2026-01-25 14:03,2026-01-25 15:18,2026-01-25 17:44,Área refrigerada,Área refrigerada,Conforme
OPE00921,CGO00921,2026-01-25 11:43,2026-01-25 12:30,2026-01-25 12:36,2026-01-25 13:45,2026-01-25 16:40,Área refrigerada,Área refrigerada,Conforme
OPE00922,CGO00922,2026-01-24 14:38,2026-01-24 15:41,2026-01-24 15:47,2026-01-24 17:14,2026-01-24 18:39,Área de pendência,Área de pendência,Conforme
OPE00923,CGO00923,2026-01-24 14:46,2026-01-24 15:13,2026-01-24 16:00,2026-01-24 17:16,2026-01-24 18:58,Armazém geral,Armazém geral,Conforme
OPE00924,CGO00924,2026-01-24 14:35,2026-01-24 15:28,2026-01-24 15:34,2026-01-24 16:49,2026-01-24 17:56,Armazém geral,Armazém geral,Conforme
OPE00925,CGO00925,2026-01-24 14:28,2026-01-24 15:22,2026-01-24 15:53,2026-01-24 17:18,2026-01-24 20:03,Área refrigerada,Área refrigerada,Conforme
OPE00926,CGO00926,2026-01-24 15:18,2026-01-24 16:07,2026-01-24 17:06,2026-01-24 18:16,2026-01-24 18:56,Área segura,Área segura,Conforme
OPE00927,CGO00927,2026-01-24 14:29,2026-01-24 14:47,2026-01-24 14:55,2026-01-24 15:14,2026-01-24 17:23,Armazém geral,Armazém geral,Conforme
OPE00928,CGO00928,2026-01-24 15:02,2026-01-24 15:47,2026-01-24 15:57,2026-01-24 16:39,2026-01-24 19:22,Armazém geral,Armazém geral,Conforme
OPE00929,CGO00929,2026-01-24 13:42,2026-01-24 14:55,2026-01-24 15:28,2026-01-24 16:29,2026-01-24 18:39,Armazém geral,Armazém geral,Conforme
OPE00930,CGO00930,2026-01-24 14:24,2026-01-24 14:36,2026-01-24 15:16,2026-01-24 15:32,2026-01-24 18:07,Área segura,Área segura,Conforme
OPE00931,CGO00931,2026-01-24 15:18,2026-01-24 16:01,2026-01-24 16:07,2026-01-24 17:02,2026-01-24 19:48,Área de pendência,Área de pendência,Conforme
OPE00932,CGO00932,2026-01-24 15:11,2026-01-24 15:42,2026-01-24 15:59,2026-01-24 16:48,2026-01-24 19:00,Armazém geral,Armazém geral,Conforme
OPE00933,CGO00933,2026-03-28 10:24,2026-03-28 11:37,2026-03-28 12:16,2026-03-28 13:34,2026-03-28 15:40,Armazém geral,Armazém geral,Conforme
OPE00934,CGO00934,2026-03-28 10:15,2026-03-28 11:02,2026-03-28 11:39,2026-03-28 11:49,2026-03-28 15:44,Armazém geral,Armazém geral,Conforme
OPE00935,CGO00935,2026-03-28 10:28,2026-03-28 11:43,2026-03-28 11:58,2026-03-28 12:26,2026-03-28 18:48,Armazém geral,Armazém geral,Conforme
OPE00936,CGO00936,2026-03-28 10:34,2026-03-28 11:15,2026-03-28 11:27,2026-03-28 12:37,2026-03-28 14:28,Armazém geral,Armazém geral,Conforme
OPE00937,CGO00937,2026-03-28 10:16,2026-03-28 10:41,2026-03-28 11:15,2026-03-28 12:21,2026-03-28 14:34,Área perecível,Área perecível,Conforme
OPE00938,CGO00938,2026-03-28 09:46,2026-03-28 10:19,2026-03-28 10:38,2026-03-28 12:03,2026-03-28 16:48,Área de avaria,Área de avaria,Conforme
OPE00939,CGO00939,2026-03-28 10:06,2026-03-28 11:28,2026-03-28 11:58,2026-03-28 13:01,2026-03-28 13:41,Área perecível,Área perecível,Conforme
OPE00940,CGO00940,2026-03-28 09:41,2026-03-28 09:55,2026-03-28 10:54,2026-03-28 11:41,2026-03-28 13:09,Área perecível,Área perecível,Conforme
OPE00941,CGO00941,2026-03-06 16:34,2026-03-06 17:42,2026-03-06 18:38,2026-03-06 18:47,2026-03-06 21:09,Área refrigerada,Área refrigerada,Conforme
OPE00942,CGO00942,2026-03-06 15:53,2026-03-06 16:06,2026-03-06 16:50,2026-03-06 17:52,2026-03-06 18:41,Armazém geral,Armazém geral,Conforme
OPE00943,CGO00943,2026-03-06 16:49,2026-03-06 18:12,2026-03-06 18:44,2026-03-06 19:53,2026-03-06 21:02,Área perecível,Área perecível,Conforme
OPE00944,CGO00944,2026-03-06 16:21,2026-03-06 16:54,2026-03-06 17:42,2026-03-06 19:07,2026-03-06 21:11,Área segura,Área segura,Conforme
OPE00945,CGO00945,2026-03-06 15:34,2026-03-06 15:47,2026-03-06 16:35,2026-03-06 16:55,2026-03-06 19:43,Armazém geral,Armazém geral,Conforme
OPE00946,CGO00946,2026-03-06 15:55,2026-03-06 16:22,2026-03-06 16:49,2026-03-06 18:12,2026-03-06 19:45,Armazém geral,Armazém geral,Conforme
OPE00947,CGO00947,2026-03-06 16:43,2026-03-06 17:06,2026-03-06 17:32,2026-03-06 18:28,2026-03-06 19:18,Área segura,Área segura,Conforme
OPE00948,CGO00948,2026-03-06 16:19,2026-03-06 16:50,2026-03-06 17:31,2026-03-06 17:57,2026-03-06 20:57,Área DGR,Área DGR,Conforme
OPE00949,CGO00949,2026-03-06 16:17,2026-03-06 17:13,2026-03-06 17:19,2026-03-06 18:46,2026-03-06 20:23,Armazém geral,Armazém geral,Conforme
OPE00950,CGO00950,2026-03-06 16:03,2026-03-06 16:41,2026-03-06 16:46,2026-03-06 17:15,2026-03-06 18:15,Armazém geral,Armazém geral,Conforme
OPE00951,CGO00951,2026-03-06 16:12,2026-03-06 17:36,2026-03-06 17:56,2026-03-06 18:35,2026-03-06 23:23,Área de pendência,Área de pendência,Conforme
OPE00952,CGO00952,2026-03-06 16:37,2026-03-06 16:59,2026-03-06 17:19,2026-03-06 18:18,2026-03-06 20:09,Armazém geral,Armazém geral,Conforme
OPE00953,CGO00953,2026-03-06 15:41,2026-03-06 15:55,2026-03-06 16:49,2026-03-06 17:39,2026-03-06 19:47,Área DGR,Área DGR,Conforme
OPE00954,CGO00954,2026-03-13 09:06,2026-03-13 09:36,2026-03-13 09:49,2026-03-13 10:36,2026-03-13 12:55,Área de avaria,Área de avaria,Conforme
OPE00955,CGO00955,2026-03-13 08:36,2026-03-13 09:03,2026-03-13 09:39,2026-03-13 10:27,2026-03-13 12:08,Armazém geral,Armazém geral,Conforme
OPE00956,CGO00956,2026-03-13 08:51,2026-03-13 09:23,2026-03-13 10:00,2026-03-13 10:21,2026-03-13 11:21,Área segura,Área segura,Conforme
OPE00957,CGO00957,2026-03-13 09:36,2026-03-13 10:15,2026-03-13 10:57,2026-03-13 12:24,2026-03-13 15:34,Armazém geral,Armazém geral,Conforme
OPE00958,CGO00958,2026-03-13 08:27,2026-03-13 09:13,2026-03-13 09:37,2026-03-13 10:18,2026-03-13 13:02,Área perecível,Área perecível,Conforme
OPE00959,CGO00959,2026-03-13 09:55,2026-03-13 11:01,2026-03-13 11:52,2026-03-13 12:34,2026-03-13 13:42,Área de pendência,Área de pendência,Conforme
OPE00960,CGO00960,2026-03-13 09:22,2026-03-13 09:59,2026-03-13 10:55,2026-03-13 11:22,2026-03-13 12:19,Área de pendência,Área de pendência,Conforme
OPE00961,CGO00961,2026-03-13 08:22,2026-03-13 09:20,2026-03-13 10:12,2026-03-13 10:18,2026-03-13 13:01,Área de avaria,Área de avaria,Conforme
OPE00962,CGO00962,2026-03-13 09:06,2026-03-13 10:22,2026-03-13 11:12,2026-03-13 11:28,2026-03-13 12:43,Área perecível,Área perecível,Conforme
OPE00963,CGO00963,2026-03-13 09:28,2026-03-13 09:42,2026-03-13 10:07,2026-03-13 10:30,2026-03-13 13:10,Área refrigerada,Área refrigerada,Conforme
OPE00964,CGO00964,2026-02-01 07:05,2026-02-01 07:42,2026-02-01 08:23,2026-02-01 09:51,2026-02-01 11:08,Armazém geral,Armazém geral,Conforme
OPE00965,CGO00965,2026-02-01 06:17,2026-02-01 06:48,2026-02-01 06:59,2026-02-01 07:58,2026-02-01 10:57,Área refrigerada,Área refrigerada,Conforme
OPE00966,CGO00966,2026-02-01 06:38,2026-02-01 07:57,2026-02-01 08:15,2026-02-01 09:00,2026-02-01 10:48,Armazém geral,Armazém geral,Conforme
OPE00967,CGO00967,2026-02-01 06:38,2026-02-01 07:30,2026-02-01 07:51,2026-02-01 08:28,2026-02-01 11:05,Armazém geral,Armazém geral,Conforme
OPE00968,CGO00968,2026-02-01 05:47,2026-02-01 06:53,2026-02-01 07:02,2026-02-01 07:27,2026-02-01 10:15,Área de avaria,Área de avaria,Conforme
OPE00969,CGO00969,2026-02-01 05:31,2026-02-01 06:51,2026-02-01 07:08,2026-02-01 07:35,2026-02-01 13:42,Armazém geral,Armazém geral,Conforme
OPE00970,CGO00970,2026-01-06 13:04,2026-01-06 13:34,2026-01-06 13:52,2026-01-06 15:10,2026-01-06 16:03,Área de avaria,Área perecível,Não conforme
OPE00971,CGO00971,2026-01-06 12:55,2026-01-06 14:10,2026-01-06 14:27,2026-01-06 14:39,2026-01-06 15:59,Área DGR,Área DGR,Conforme
OPE00972,CGO00972,2026-01-06 12:46,2026-01-06 13:16,2026-01-06 13:28,2026-01-06 14:31,2026-01-06 20:40,Área refrigerada,Armazém geral,Não conforme
OPE00973,CGO00973,2026-01-06 13:44,2026-01-06 15:01,2026-01-06 15:54,2026-01-06 16:55,2026-01-06 18:15,Área refrigerada,Área refrigerada,Conforme
OPE00974,CGO00974,2026-01-06 13:45,2026-01-06 14:33,2026-01-06 15:27,2026-01-06 16:38,2026-01-06 18:34,Armazém geral,Área segura,Não conforme
OPE00975,CGO00975,2026-01-06 13:08,2026-01-06 13:26,2026-01-06 14:22,2026-01-06 15:50,2026-01-06 21:55,Armazém geral,Armazém geral,Conforme
OPE00976,CGO00976,2026-03-12 17:13,2026-03-12 17:41,2026-03-12 18:16,2026-03-12 18:27,2026-03-12 20:29,Armazém geral,Armazém geral,Conforme
OPE00977,CGO00977,2026-03-12 17:20,2026-03-12 18:25,2026-03-12 18:57,2026-03-12 20:17,2026-03-13 00:20,Armazém geral,Armazém geral,Conforme
OPE00978,CGO00978,2026-03-12 18:48,2026-03-12 19:55,2026-03-12 20:23,2026-03-12 21:22,2026-03-12 23:10,Área refrigerada,Área refrigerada,Conforme
OPE00979,CGO00979,2026-03-12 17:23,2026-03-12 17:50,2026-03-12 18:48,2026-03-12 19:25,2026-03-12 19:55,Armazém geral,Armazém geral,Conforme
OPE00980,CGO00980,2026-03-12 18:02,2026-03-12 19:22,2026-03-12 19:41,2026-03-12 19:58,2026-03-12 21:38,Armazém geral,Armazém geral,Conforme
OPE00981,CGO00981,2026-03-12 17:56,2026-03-12 19:03,2026-03-12 19:14,2026-03-12 19:37,2026-03-12 20:34,Área perecível,Área perecível,Conforme
OPE00982,CGO00982,2026-03-12 17:39,2026-03-12 18:31,2026-03-12 18:41,2026-03-12 18:52,2026-03-12 20:35,Armazém geral,Armazém geral,Conforme
OPE00983,CGO00983,2026-03-12 17:12,2026-03-12 18:34,2026-03-12 19:06,2026-03-12 19:34,2026-03-12 22:19,Área de avaria,Área de avaria,Conforme
OPE00984,CGO00984,2026-03-05 07:31,2026-03-05 08:13,2026-03-05 09:11,2026-03-05 10:11,2026-03-05 12:32,Área refrigerada,Área refrigerada,Conforme
OPE00985,CGO00985,2026-03-05 07:29,2026-03-05 07:51,2026-03-05 08:15,2026-03-05 09:02,2026-03-05 11:31,Área DGR,Área DGR,Conforme
OPE00986,CGO00986,2026-03-05 08:11,2026-03-05 09:41,2026-03-05 10:30,2026-03-05 11:09,2026-03-05 12:59,Área perecível,Área perecível,Conforme
OPE00987,CGO00987,2026-03-05 07:57,2026-03-05 09:23,2026-03-05 10:20,2026-03-05 11:28,2026-03-05 13:39,Área refrigerada,Área refrigerada,Conforme
OPE00988,CGO00988,2026-03-05 07:46,2026-03-05 08:33,2026-03-05 08:44,2026-03-05 09:41,2026-03-05 15:17,Armazém geral,Armazém geral,Conforme
OPE00989,CGO00989,2026-03-05 08:00,2026-03-05 09:25,2026-03-05 10:08,2026-03-05 10:50,2026-03-05 11:49,Armazém geral,Armazém geral,Conforme
OPE00990,CGO00990,2026-03-05 07:40,2026-03-05 08:48,2026-03-05 09:45,2026-03-05 10:59,2026-03-05 11:56,Área de avaria,Área de avaria,Conforme
OPE00991,CGO00991,2026-03-05 07:44,2026-03-05 08:04,2026-03-05 08:24,2026-03-05 09:16,2026-03-05 12:12,Armazém geral,Armazém geral,Conforme
OPE00992,CGO00992,2026-01-19 09:42,2026-01-19 10:12,2026-01-19 11:05,2026-01-19 11:25,2026-01-19 13:26,Área de pendência,Área de pendência,Conforme
OPE00993,CGO00993,2026-01-19 09:30,2026-01-19 10:33,2026-01-19 11:08,2026-01-19 11:53,2026-01-19 16:09,Armazém geral,Área de pendência,Não conforme
OPE00994,CGO00994,2026-01-19 10:29,2026-01-19 10:58,2026-01-19 11:32,2026-01-19 12:27,2026-01-19 14:27,Área DGR,Área DGR,Conforme
OPE00995,CGO00995,2026-01-19 09:56,2026-01-19 10:28,2026-01-19 11:04,2026-01-19 11:45,2026-01-19 14:36,Armazém geral,Armazém geral,Conforme
OPE00996,CGO00996,2026-01-19 10:42,2026-01-19 11:45,2026-01-19 12:34,2026-01-19 14:00,2026-01-19 16:06,Área refrigerada,Área refrigerada,Conforme
OPE00997,CGO00997,2026-02-04 21:55,2026-02-04 23:19,2026-02-05 00:12,2026-02-05 00:48,2026-02-05 03:02,Armazém geral,Armazém geral,Conforme
OPE00998,CGO00998,2026-02-04 22:28,2026-02-04 22:43,2026-02-04 23:15,2026-02-04 23:37,2026-02-05 01:48,Armazém geral,Armazém geral,Conforme
OPE00999,CGO00999,2026-02-04 21:21,2026-02-04 22:09,2026-02-04 22:18,2026-02-04 22:50,2026-02-04 23:48,Área refrigerada,Área refrigerada,Conforme
OPE01000,CGO01000,2026-02-04 22:41,2026-02-04 23:43,2026-02-04 23:54,2026-02-05 00:28,2026-02-05 02:42,Área refrigerada,Área refrigerada,Conforme
OPE01001,CGO01001,2026-02-04 21:12,2026-02-04 21:43,2026-02-04 22:11,2026-02-04 22:51,2026-02-05 01:27,Área perecível,Área perecível,Conforme
OPE01002,CGO01002,2026-01-05 13:53,2026-01-05 15:12,2026-01-05 15:57,2026-01-05 16:07,2026-01-05 21:19,Área de pendência,Área de pendência,Conforme
OPE01003,CGO01003,2026-01-05 14:00,2026-01-05 14:58,2026-01-05 15:19,2026-01-05 16:33,2026-01-05 19:20,Área segura,Área segura,Conforme
OPE01004,CGO01004,2026-01-05 13:28,2026-01-05 14:50,2026-01-05 15:14,2026-01-05 15:30,2026-01-05 18:30,Área DGR,Área DGR,Conforme
OPE01005,CGO01005,2026-01-05 13:41,2026-01-05 14:37,2026-01-05 14:57,2026-01-05 15:50,2026-01-05 16:31,Área DGR,Área DGR,Conforme
OPE01006,CGO01006,2026-01-05 13:20,2026-01-05 14:01,2026-01-05 14:32,2026-01-05 15:59,2026-01-05 17:51,Área perecível,Área perecível,Conforme
OPE01007,CGO01007,2026-01-05 13:28,2026-01-05 14:26,2026-01-05 15:14,2026-01-05 15:54,2026-01-05 18:46,Área de pendência,Área de pendência,Conforme
OPE01008,CGO01008,2026-02-25 15:09,2026-02-25 15:59,2026-02-25 16:18,2026-02-25 16:47,2026-02-25 17:24,Armazém geral,Armazém geral,Conforme
OPE01009,CGO01009,2026-02-25 15:23,2026-02-25 16:16,2026-02-25 17:05,2026-02-25 17:47,2026-02-25 21:18,Área de avaria,Área de avaria,Conforme
OPE01010,CGO01010,2026-02-25 15:58,2026-02-25 17:08,2026-02-25 17:32,2026-02-25 18:28,2026-02-25 20:22,Área de pendência,Área de pendência,Conforme
OPE01011,CGO01011,2026-02-25 14:31,2026-02-25 14:54,2026-02-25 15:29,2026-02-25 16:49,2026-02-25 23:13,Área segura,Área segura,Conforme
OPE01012,CGO01012,2026-02-25 15:51,2026-02-25 16:55,2026-02-25 17:04,2026-02-25 17:27,2026-02-25 18:39,Área de pendência,Área de pendência,Conforme
OPE01013,CGO01013,2026-02-25 15:19,2026-02-25 16:37,2026-02-25 16:45,2026-02-25 17:49,2026-02-25 19:02,Armazém geral,Armazém geral,Conforme
OPE01014,CGO01014,2026-02-25 15:11,2026-02-25 15:53,2026-02-25 16:21,2026-02-25 17:00,2026-02-25 20:43,Armazém geral,Armazém geral,Conforme
OPE01015,CGO01015,2026-02-25 16:07,2026-02-25 17:19,2026-02-25 18:07,2026-02-25 19:31,2026-02-25 20:22,Armazém geral,Armazém geral,Conforme
OPE01016,CGO01016,2026-02-25 15:38,2026-02-25 16:36,2026-02-25 17:24,2026-02-25 17:50,2026-02-25 23:27,Área refrigerada,Área refrigerada,Conforme
OPE01017,CGO01017,2026-02-25 14:48,2026-02-25 15:32,2026-02-25 16:16,2026-02-25 16:50,2026-02-25 18:18,Área de pendência,Área de pendência,Conforme
OPE01018,CGO01018,2026-03-24 06:11,2026-03-24 06:54,2026-03-24 07:15,2026-03-24 08:14,2026-03-24 14:54,Área de pendência,Área de pendência,Conforme
OPE01019,CGO01019,2026-03-24 06:29,2026-03-24 07:44,2026-03-24 08:31,2026-03-24 09:08,2026-03-24 11:16,Armazém geral,Armazém geral,Conforme
OPE01020,CGO01020,2026-03-24 06:41,2026-03-24 06:58,2026-03-24 07:22,2026-03-24 08:07,2026-03-24 09:11,Área perecível,Área perecível,Conforme
OPE01021,CGO01021,2026-03-24 06:34,2026-03-24 07:32,2026-03-24 08:22,2026-03-24 08:59,2026-03-24 10:02,Armazém geral,Armazém geral,Conforme
OPE01022,CGO01022,2026-03-24 05:44,2026-03-24 06:08,2026-03-24 06:54,2026-03-24 08:23,2026-03-24 09:00,Armazém geral,Armazém geral,Conforme
OPE01023,CGO01023,2026-03-24 06:56,2026-03-24 08:19,2026-03-24 08:59,2026-03-24 09:31,2026-03-24 10:32,Área de pendência,Área de pendência,Conforme
OPE01024,CGO01024,2026-03-24 05:39,2026-03-24 05:54,2026-03-24 06:00,2026-03-24 07:10,2026-03-24 10:02,Armazém geral,Armazém geral,Conforme
OPE01025,CGO01025,2026-03-24 05:36,2026-03-24 06:22,2026-03-24 06:30,2026-03-24 07:05,2026-03-24 08:49,Área perecível,Área perecível,Conforme
OPE01026,CGO01026,2026-03-24 06:35,2026-03-24 07:02,2026-03-24 07:19,2026-03-24 08:04,2026-03-24 11:04,Área segura,Área segura,Conforme
OPE01027,CGO01027,2026-03-24 06:07,2026-03-24 07:32,2026-03-24 08:01,2026-03-24 09:02,2026-03-24 10:45,Área perecível,Área DGR,Não conforme
OPE01028,CGO01028,2026-03-24 05:36,2026-03-24 05:57,2026-03-24 06:47,2026-03-24 07:20,2026-03-24 07:50,Armazém geral,Armazém geral,Conforme
OPE01029,CGO01029,2026-03-24 05:26,2026-03-24 06:23,2026-03-24 07:17,2026-03-24 08:33,2026-03-24 10:53,Armazém geral,Armazém geral,Conforme
OPE01030,CGO01030,2026-03-24 06:34,2026-03-24 07:39,2026-03-24 08:19,2026-03-24 09:35,2026-03-24 16:44,Área DGR,Área de pendência,Não conforme
OPE01031,CGO01031,2026-02-28 18:43,2026-02-28 19:41,2026-02-28 19:46,2026-02-28 20:29,2026-02-28 23:20,Área perecível,Área perecível,Conforme
OPE01032,CGO01032,2026-02-28 18:35,2026-02-28 19:43,2026-02-28 20:19,2026-02-28 21:22,2026-02-28 22:15,Área de pendência,Área de pendência,Conforme
OPE01033,CGO01033,2026-02-28 19:42,2026-02-28 21:02,2026-02-28 21:16,2026-02-28 21:56,2026-03-01 00:28,Área segura,Área segura,Conforme
OPE01034,CGO01034,2026-02-28 19:47,2026-02-28 20:34,2026-02-28 21:02,2026-02-28 22:09,2026-03-01 01:39,Área DGR,Área de pendência,Não conforme
OPE01035,CGO01035,2026-02-28 19:03,2026-02-28 20:05,2026-02-28 20:27,2026-02-28 20:38,2026-03-01 01:50,Área DGR,Área DGR,Conforme
OPE01036,CGO01036,2026-02-28 19:26,2026-02-28 19:59,2026-02-28 20:14,2026-02-28 20:52,2026-02-28 22:23,Armazém geral,Armazém geral,Conforme
OPE01037,CGO01037,2026-02-28 19:31,2026-02-28 19:48,2026-02-28 19:58,2026-02-28 20:17,2026-02-28 20:47,Armazém geral,Armazém geral,Conforme
OPE01038,CGO01038,2026-03-26 10:05,2026-03-26 10:55,2026-03-26 11:43,2026-03-26 11:49,2026-03-26 18:47,Armazém geral,Armazém geral,Conforme
OPE01039,CGO01039,2026-03-26 10:28,2026-03-26 10:52,2026-03-26 11:23,2026-03-26 11:39,2026-03-26 14:20,Armazém geral,Armazém geral,Conforme
OPE01040,CGO01040,2026-03-26 09:09,2026-03-26 10:04,2026-03-26 10:58,2026-03-26 12:14,2026-03-26 14:27,Armazém geral,Armazém geral,Conforme
OPE01041,CGO01041,2026-03-26 09:20,2026-03-26 10:13,2026-03-26 11:13,2026-03-26 11:37,2026-03-26 12:22,Área de pendência,Área de pendência,Conforme
OPE01042,CGO01042,2026-03-26 09:22,2026-03-26 10:10,2026-03-26 10:49,2026-03-26 11:58,2026-03-26 13:45,Armazém geral,Armazém geral,Conforme
OPE01043,CGO01043,2026-03-26 08:56,2026-03-26 10:03,2026-03-26 11:00,2026-03-26 12:01,2026-03-26 16:32,Área de pendência,Armazém geral,Não conforme
OPE01044,CGO01044,2026-03-26 09:32,2026-03-26 10:23,2026-03-26 10:34,2026-03-26 10:44,2026-03-26 12:33,Armazém geral,Armazém geral,Conforme
OPE01045,CGO01045,2026-03-26 09:54,2026-03-26 10:53,2026-03-26 11:04,2026-03-26 12:25,2026-03-26 12:59,Armazém geral,Armazém geral,Conforme
OPE01046,CGO01046,2026-03-26 09:19,2026-03-26 10:09,2026-03-26 11:06,2026-03-26 11:45,2026-03-26 14:13,Armazém geral,Área perecível,Não conforme
OPE01047,CGO01047,2026-03-26 10:27,2026-03-26 10:43,2026-03-26 10:53,2026-03-26 11:38,2026-03-26 18:17,Armazém geral,Armazém geral,Conforme
OPE01048,CGO01048,2026-02-27 04:41,2026-02-27 04:52,2026-02-27 05:22,2026-02-27 06:03,2026-02-27 07:28,Área refrigerada,Área refrigerada,Conforme
OPE01049,CGO01049,2026-02-27 05:29,2026-02-27 05:44,2026-02-27 06:21,2026-02-27 07:44,2026-02-27 09:26,Armazém geral,Armazém geral,Conforme
OPE01050,CGO01050,2026-02-27 04:57,2026-02-27 06:16,2026-02-27 06:43,2026-02-27 07:32,2026-02-27 09:04,Área de pendência,Área de pendência,Conforme
OPE01051,CGO01051,2026-02-27 05:47,2026-02-27 07:10,2026-02-27 07:15,2026-02-27 08:42,2026-02-27 13:35,Armazém geral,Armazém geral,Conforme
OPE01052,CGO01052,2026-02-27 05:59,2026-02-27 06:33,2026-02-27 07:14,2026-02-27 07:55,2026-02-27 10:00,Armazém geral,Armazém geral,Conforme
OPE01053,CGO01053,2026-02-27 04:36,2026-02-27 04:55,2026-02-27 05:31,2026-02-27 06:03,2026-02-27 09:36,Área segura,Armazém geral,Não conforme
OPE01054,CGO01054,2026-02-27 05:17,2026-02-27 05:39,2026-02-27 05:48,2026-02-27 05:54,2026-02-27 11:55,Área refrigerada,Área perecível,Não conforme
OPE01055,CGO01055,2026-02-27 04:49,2026-02-27 05:10,2026-02-27 05:39,2026-02-27 06:34,2026-02-27 07:38,Área perecível,Área perecível,Conforme
OPE01056,CGO01056,2026-02-27 05:32,2026-02-27 06:23,2026-02-27 07:22,2026-02-27 08:39,2026-02-27 09:31,Armazém geral,Armazém geral,Conforme
OPE01057,CGO01057,2026-02-27 06:00,2026-02-27 06:32,2026-02-27 07:28,2026-02-27 07:34,2026-02-27 08:40,Armazém geral,Armazém geral,Conforme
OPE01058,CGO01058,2026-02-27 05:19,2026-02-27 05:49,2026-02-27 06:08,2026-02-27 07:23,2026-02-27 10:07,Área de pendência,Área de pendência,Conforme
OPE01059,CGO01059,2026-02-27 06:08,2026-02-27 07:33,2026-02-27 07:58,2026-02-27 09:15,2026-02-27 11:45,Armazém geral,Armazém geral,Conforme
OPE01060,CGO01060,2026-02-27 06:12,2026-02-27 07:39,2026-02-27 08:38,2026-02-27 09:10,2026-02-27 14:54,Área DGR,Área DGR,Conforme
OPE01061,CGO01061,2026-02-27 05:12,2026-02-27 06:30,2026-02-27 06:43,2026-02-27 08:08,2026-02-27 09:49,Armazém geral,Armazém geral,Conforme
OPE01062,CGO01062,2026-03-10 05:31,2026-03-10 06:16,2026-03-10 07:06,2026-03-10 07:30,2026-03-10 08:33,Área DGR,Área DGR,Conforme
OPE01063,CGO01063,2026-03-10 05:41,2026-03-10 06:55,2026-03-10 07:05,2026-03-10 08:03,2026-03-10 08:45,Armazém geral,Armazém geral,Conforme
OPE01064,CGO01064,2026-03-10 06:39,2026-03-10 07:01,2026-03-10 07:45,2026-03-10 08:58,2026-03-10 09:46,Armazém geral,Armazém geral,Conforme
OPE01065,CGO01065,2026-03-10 06:42,2026-03-10 06:57,2026-03-10 07:57,2026-03-10 08:22,2026-03-10 11:07,Área DGR,Área DGR,Conforme
OPE01066,CGO01066,2026-03-10 05:44,2026-03-10 07:06,2026-03-10 07:16,2026-03-10 07:46,2026-03-10 10:03,Área de avaria,Área de avaria,Conforme
OPE01067,CGO01067,2026-02-17 20:07,2026-02-17 20:55,2026-02-17 21:37,2026-02-17 22:18,2026-02-17 23:53,Armazém geral,Armazém geral,Conforme
OPE01068,CGO01068,2026-02-17 21:12,2026-02-17 22:15,2026-02-17 22:42,2026-02-17 22:48,2026-02-18 00:54,Área DGR,Área DGR,Conforme
OPE01069,CGO01069,2026-02-17 21:25,2026-02-17 21:52,2026-02-17 22:50,2026-02-17 23:38,2026-02-18 02:30,Armazém geral,Armazém geral,Conforme
OPE01070,CGO01070,2026-02-17 21:16,2026-02-17 22:45,2026-02-17 22:56,2026-02-18 00:20,2026-02-18 01:27,Área de avaria,Área de avaria,Conforme
OPE01071,CGO01071,2026-02-17 20:25,2026-02-17 21:46,2026-02-17 22:12,2026-02-17 22:47,2026-02-18 00:29,Área refrigerada,Área refrigerada,Conforme
OPE01072,CGO01072,2026-02-17 20:25,2026-02-17 20:39,2026-02-17 21:35,2026-02-17 22:10,2026-02-18 03:22,Armazém geral,Armazém geral,Conforme
OPE01073,CGO01073,2026-02-17 21:32,2026-02-17 22:16,2026-02-17 23:07,2026-02-18 00:33,2026-02-18 01:54,Área perecível,Área perecível,Conforme
OPE01074,CGO01074,2026-02-17 20:08,2026-02-17 21:13,2026-02-17 21:31,2026-02-17 22:11,2026-02-17 23:59,Armazém geral,Armazém geral,Conforme
OPE01075,CGO01075,2026-02-17 20:57,2026-02-17 21:30,2026-02-17 21:42,2026-02-17 22:17,2026-02-18 04:37,Armazém geral,Armazém geral,Conforme
OPE01076,CGO01076,2026-02-17 20:20,2026-02-17 21:23,2026-02-17 22:20,2026-02-17 22:39,2026-02-18 00:30,Área refrigerada,Área refrigerada,Conforme
OPE01077,CGO01077,2026-02-17 21:27,2026-02-17 21:39,2026-02-17 21:45,2026-02-17 22:58,2026-02-17 23:59,Área refrigerada,Área refrigerada,Conforme
OPE01078,CGO01078,2026-01-11 19:08,2026-01-11 19:51,2026-01-11 20:13,2026-01-11 21:41,2026-01-12 03:20,Área de avaria,Área de avaria,Conforme
OPE01079,CGO01079,2026-01-11 19:01,2026-01-11 19:52,2026-01-11 20:23,2026-01-11 20:52,2026-01-11 21:22,Área de pendência,Área de pendência,Conforme
OPE01080,CGO01080,2026-01-11 18:18,2026-01-11 18:31,2026-01-11 18:59,2026-01-11 19:45,2026-01-11 20:26,Área DGR,Área DGR,Conforme
OPE01081,CGO01081,2026-01-11 18:34,2026-01-11 18:59,2026-01-11 19:31,2026-01-11 19:39,2026-01-11 21:07,Armazém geral,Armazém geral,Conforme
OPE01082,CGO01082,2026-01-11 19:13,2026-01-11 19:44,2026-01-11 19:51,2026-01-11 20:21,2026-01-12 01:41,Área segura,Área segura,Conforme
OPE01083,CGO01083,2026-01-11 19:28,2026-01-11 20:23,2026-01-11 21:20,2026-01-11 22:49,2026-01-12 00:19,Área segura,Área segura,Conforme
OPE01084,CGO01084,2026-01-11 19:27,2026-01-11 19:59,2026-01-11 20:04,2026-01-11 20:45,2026-01-11 23:16,Armazém geral,Armazém geral,Conforme
OPE01085,CGO01085,2026-02-15 14:28,2026-02-15 14:43,2026-02-15 15:20,2026-02-15 15:48,2026-02-15 18:25,Área perecível,Área perecível,Conforme
OPE01086,CGO01086,2026-02-15 14:52,2026-02-15 16:12,2026-02-15 16:31,2026-02-15 17:47,2026-02-15 21:12,Armazém geral,Área de avaria,Não conforme
OPE01087,CGO01087,2026-02-15 13:48,2026-02-15 14:24,2026-02-15 14:42,2026-02-15 15:06,2026-02-15 16:17,Área perecível,Área perecível,Conforme
OPE01088,CGO01088,2026-02-15 15:04,2026-02-15 16:26,2026-02-15 16:40,2026-02-15 18:10,2026-02-15 19:27,Área de pendência,Área de pendência,Conforme
OPE01089,CGO01089,2026-02-15 14:17,2026-02-15 14:33,2026-02-15 15:02,2026-02-15 15:38,2026-02-15 18:10,Área de avaria,Área de avaria,Conforme
OPE01090,CGO01090,2026-02-15 13:43,2026-02-15 14:23,2026-02-15 14:28,2026-02-15 15:35,2026-02-15 17:03,Armazém geral,Armazém geral,Conforme
OPE01091,CGO01091,2026-02-15 14:54,2026-02-15 15:11,2026-02-15 15:48,2026-02-15 16:29,2026-02-15 20:56,Armazém geral,Armazém geral,Conforme
OPE01092,CGO01092,2026-02-15 14:04,2026-02-15 14:23,2026-02-15 14:32,2026-02-15 15:49,2026-02-15 17:46,Área refrigerada,Área refrigerada,Conforme
OPE01093,CGO01093,2026-02-15 14:33,2026-02-15 15:28,2026-02-15 16:24,2026-02-15 16:52,2026-02-15 21:33,Área refrigerada,Área refrigerada,Conforme
OPE01094,CGO01094,2026-02-15 14:25,2026-02-15 15:54,2026-02-15 16:24,2026-02-15 17:28,2026-02-15 19:54,Armazém geral,Armazém geral,Conforme
OPE01095,CGO01095,2026-02-15 14:47,2026-02-15 15:20,2026-02-15 15:33,2026-02-15 16:34,2026-02-15 17:11,Armazém geral,Armazém geral,Conforme
OPE01096,CGO01096,2026-02-15 14:51,2026-02-15 15:27,2026-02-15 16:12,2026-02-15 17:30,2026-02-15 19:19,Área refrigerada,Área refrigerada,Conforme
OPE01097,CGO01097,2026-02-15 14:51,2026-02-15 15:43,2026-02-15 15:59,2026-02-15 16:33,2026-02-15 22:21,Armazém geral,Armazém geral,Conforme
OPE01098,CGO01098,2026-02-20 16:24,2026-02-20 17:28,2026-02-20 18:17,2026-02-20 18:26,2026-02-20 23:10,Área perecível,Área perecível,Conforme
OPE01099,CGO01099,2026-02-20 16:25,2026-02-20 16:52,2026-02-20 17:33,2026-02-20 18:26,2026-02-21 01:00,Área refrigerada,Área refrigerada,Conforme
OPE01100,CGO01100,2026-02-20 16:58,2026-02-20 17:45,2026-02-20 18:23,2026-02-20 19:47,2026-02-20 22:42,Armazém geral,Armazém geral,Conforme
OPE01101,CGO01101,2026-02-20 16:13,2026-02-20 17:00,2026-02-20 17:52,2026-02-20 18:25,2026-02-20 20:00,Área refrigerada,Área refrigerada,Conforme
OPE01102,CGO01102,2026-02-20 17:10,2026-02-20 17:53,2026-02-20 18:15,2026-02-20 19:34,2026-02-20 21:01,Área de pendência,Área de pendência,Conforme
OPE01103,CGO01103,2026-02-20 16:55,2026-02-20 17:47,2026-02-20 18:24,2026-02-20 19:22,2026-02-20 22:18,Área segura,Área segura,Conforme
OPE01104,CGO01104,2026-02-20 16:46,2026-02-20 17:40,2026-02-20 17:57,2026-02-20 18:38,2026-02-20 20:53,Área segura,Área segura,Conforme
OPE01105,CGO01105,2026-02-20 16:35,2026-02-20 17:23,2026-02-20 17:52,2026-02-20 18:05,2026-02-20 19:32,Armazém geral,Armazém geral,Conforme
OPE01106,CGO01106,2026-02-20 16:22,2026-02-20 17:22,2026-02-20 18:22,2026-02-20 19:12,2026-02-20 21:22,Armazém geral,Armazém geral,Conforme
OPE01107,CGO01107,2026-02-20 15:50,2026-02-20 17:13,2026-02-20 17:57,2026-02-20 18:29,2026-02-20 20:05,Área de pendência,Área de pendência,Conforme
OPE01108,CGO01108,2026-02-20 16:49,2026-02-20 18:09,2026-02-20 18:37,2026-02-20 18:48,2026-02-20 20:33,Armazém geral,Armazém geral,Conforme
OPE01109,CGO01109,2026-02-20 16:03,2026-02-20 16:46,2026-02-20 17:17,2026-02-20 17:48,2026-02-20 18:22,Armazém geral,Armazém geral,Conforme
OPE01110,CGO01110,2026-02-20 15:43,2026-02-20 15:57,2026-02-20 16:37,2026-02-20 18:05,2026-02-20 19:11,Área DGR,Área DGR,Conforme
OPE01111,CGO01111,2026-02-20 16:39,2026-02-20 17:22,2026-02-20 17:39,2026-02-20 17:48,2026-02-20 19:39,Armazém geral,Armazém geral,Conforme
